company_id,year,net_profit_margin,operational_profit_margin,returns_on_equity,returns_on_capital_employment,returns_on_assets,debt_to_equity,high_leverage_flag,interest_coverage_ratio,icr_label,icr_warning_flag,net_debt,asset_turn_over
ABB,2012-12,8.772,12.220,22.411,31.221,15.987,0.000,False,,Debt Free,False,0.000,1.822
ABB,2014-03,8.699,11.731,25.127,33.883,17.384,0.000,False,,Debt Free,False,0.000,1.998
ABB,2015-03,10.004,13.630,24.440,33.298,16.667,0.000,False,,Debt Free,False,0.000,1.666
ABB,2016-03,9.755,13.963,21.339,30.544,15.780,0.000,False,138.333,,False,0.000,1.618
ABB,2017-03,9.542,13.710,19.971,28.695,13.408,0.000,False,227.500,,False,0.000,1.405
ABB,2018-03,12.159,15.919,23.686,31.010,16.598,0.000,False,160.500,,False,0.000,1.365
ABB,2019-03,12.232,16.445,22.410,30.129,15.301,0.000,False,359.000,,False,0.000,1.251
ABB,2020-03,14.488,18.495,24.393,29.048,16.718,0.072,False,96.778,,False,175.000,1.154
ABB,2021-03,16.032,21.392,26.556,33.466,17.995,0.059,False,55.722,,False,153.000,1.122
ABB,2022-03,16.263,22.023,28.333,36.406,18.916,0.054,False,61.316,,False,152.000,1.163
ABB,2023-03,17.742,22.546,29.768,36.534,20.830,0.035,False,85.000,,False,113.000,1.174
ABB,2024-03,20.533,24.842,32.468,38.419,23.127,0.022,False,141.750,,False,83.000,1.126
ADANIENSOL,2014-03,,,0.000,0.000,,0.000,False,,Debt Free,False,0.000,
ADANIENSOL,2015-03,-5.344,77.099,-0.646,0.937,-0.061,8.958,True,1.425,,True,9701.000,0.011
ADANIENSOL,2016-03,16.773,87.830,13.772,17.118,3.133,3.213,False,2.087,,False,8565.000,0.187
ADANIENSOL,2017-03,14.465,68.950,14.116,16.633,3.247,3.045,False,2.218,,False,8870.000,0.224
ADANIENSOL,2018-03,28.981,71.653,18.871,17.143,6.620,1.722,False,3.315,,False,10428.000,0.228
ADANIENSOL,2019-03,7.652,38.029,6.950,9.858,1.717,2.504,False,2.239,,False,19801.000,0.224
ADANIENSOL,2020-03,6.184,37.299,8.307,13.004,1.778,2.853,False,2.019,,False,23933.000,0.287
ADANIENSOL,2021-03,12.996,39.794,14.464,10.968,2.984,3.038,False,2.393,,False,26653.000,0.230
ADANIENSOL,2022-03,10.979,37.360,12.468,10.564,2.604,3.016,False,2.322,,False,29341.000,0.237
ADANIENSOL,2023-03,9.637,33.988,10.903,9.818,2.375,2.917,False,2.194,,False,32900.000,0.246
ADANIENSOL,2024-03,7.202,34.389,9.461,11.488,2.043,2.933,False,2.285,,False,36304.000,0.284
ADANIENT,2013-03,2.626,12.983,5.693,6.636,1.089,3.240,False,2.233,,False,69009.000,0.415
ADANIENT,2014-03,4.816,17.076,11.138,9.801,2.240,3.030,False,1.848,,False,71692.000,0.465
ADANIENT,2015-03,3.565,19.313,8.932,11.391,1.758,3.248,False,1.877,,False,82827.000,0.493
ADANIENT,2016-03,2.940,4.952,7.475,5.174,2.399,1.433,False,2.010,,False,18364.000,0.816
ADANIENT,2017-03,2.532,5.206,6.544,5.437,1.943,1.475,False,2.109,,False,19804.000,0.767
ADANIENT,2018-03,1.653,5.673,3.937,6.227,1.053,1.169,False,1.921,,False,16176.000,0.637
ADANIENT,2019-03,1.253,4.876,3.429,7.573,1.190,0.762,False,1.522,,False,9732.000,0.949
ADANIENT,2020-03,2.396,5.285,6.137,7.812,2.219,0.733,False,2.014,,False,10467.000,0.926
ADANIENT,2021-03,2.646,6.338,6.096,7.506,2.026,0.946,False,2.179,,False,10724.000,0.766
ADANIENT,2022-03,1.135,5.350,3.540,5.816,0.776,1.869,False,1.871,,False,37312.000,0.683
ADANIENT,2023-03,1.899,6.914,7.328,10.224,1.714,1.610,False,2.432,,False,46890.000,0.903
ADANIENT,2024-03,3.459,11.799,8.535,10.899,2.077,1.671,False,2.749,,False,56609.000,0.600
ADANIGREEN,2017-03,-9.363,80.279,-3.907,7.261,-0.763,3.613,False,1.446,,True,4321.000,0.081
ADANIGREEN,2018-03,-9.324,56.959,-10.291,7.523,-0.878,7.356,True,1.603,,False,9777.000,0.094
ADANIGREEN,2019-03,-23.081,74.150,-24.573,11.671,-3.241,5.764,True,1.426,,True,11065.000,0.140
ADANIGREEN,2020-03,-2.668,56.885,-2.885,8.419,-0.369,6.307,True,1.346,,True,14390.000,0.138
ADANIGREEN,2021-03,5.826,71.735,8.273,8.486,0.634,11.004,True,1.348,,True,23707.000,0.109
ADANIGREEN,2022-03,9.527,68.420,18.707,6.334,0.829,20.211,True,1.536,,False,52258.000,0.087
ADANIGREEN,2023-03,12.513,63.915,13.321,8.078,1.454,7.424,True,1.936,,False,53074.000,0.116
ADANIGREEN,2024-03,13.666,79.371,12.813,9.798,1.430,6.595,True,1.714,,False,63343.000,0.105
ADANIPORTS,2013-03,45.821,66.592,25.633,13.223,7.792,1.817,False,5.030,,False,11398.000,0.170
ADANIPORTS,2014-03,36.046,60.435,19.863,13.424,7.055,1.481,False,3.689,,False,12916.000,0.196
ADANIPORTS,2015-03,37.776,63.427,21.588,13.672,7.244,1.651,False,3.905,,False,17516.000,0.192
ADANIPORTS,2016-03,40.174,64.383,21.148,12.768,7.440,1.654,False,4.722,,False,21797.000,0.185
ADANIPORTS,2017-03,46.238,64.202,22.264,13.634,8.997,1.267,False,5.784,,False,21053.000,0.195
ADANIPORTS,2018-03,32.589,63.208,17.653,16.539,7.812,1.070,False,5.067,,False,21291.000,0.240
ADANIPORTS,2019-03,37.025,60.375,16.597,12.664,7.183,1.137,False,5.693,,False,26930.000,0.194
ADANIPORTS,2020-03,31.879,50.088,14.868,10.677,6.113,1.188,False,4.036,,False,29064.000,0.192
ADANIPORTS,2021-03,40.231,69.227,16.586,13.105,6.770,1.178,False,4.725,,False,33619.000,0.168
ADANIPORTS,2022-03,28.933,55.657,11.843,10.615,5.037,1.146,False,4.465,,False,44774.000,0.174
ADANIPORTS,2023-03,25.854,52.499,11.877,11.077,4.789,1.177,False,4.771,,False,46002.000,0.185
ADANIPORTS,2024-03,30.340,58.362,15.355,15.246,6.927,0.937,False,5.950,,False,45181.000,0.228
ADANIPOWER,2013-03,-34.295,14.345,-53.459,2.083,-4.197,9.736,True,0.690,,True,41773.000,0.122
ADANIPOWER,2014-03,-1.898,29.965,-4.448,9.060,-0.495,6.748,True,1.136,,True,44035.000,0.261
ADANIPOWER,2015-03,-4.368,25.039,-14.253,9.269,-1.395,7.815,True,1.206,,True,44385.000,0.320
ADANIPOWER,2016-03,2.171,34.685,7.378,14.622,0.727,7.061,True,1.547,,False,52729.000,0.335
ADANIPOWER,2017-03,-27.299,26.441,-205.800,10.778,-8.634,17.495,True,0.392,,True,52320.000,0.316
ADANIPOWER,2018-03,-10.358,26.773,-236.558,10.118,-3.025,59.432,True,1.111,,True,52835.000,0.292
ADANIPOWER,2019-03,-4.120,20.863,-12.759,9.111,-1.447,6.092,True,1.314,,True,46977.000,0.351
ADANIPOWER,2020-03,-8.595,21.664,-35.103,9.296,-3.032,8.517,True,1.140,,True,55196.000,0.353
ADANIPOWER,2021-03,4.843,33.134,9.685,13.237,1.612,4.005,False,2.075,,False,52499.000,0.333
ADANIPOWER,2022-03,17.726,35.657,26.613,14.616,5.992,2.663,False,3.367,,False,48962.000,0.338
ADANIPOWER,2023-03,27.666,26.039,35.905,13.978,12.499,1.418,False,4.293,,False,41696.000,0.452
ADANIPOWER,2024-03,41.368,36.202,48.277,23.441,22.638,0.802,False,8.297,,False,34242.000,0.547
AMBUJACEM,2012-12,13.253,25.367,14.687,27.921,10.466,0.007,False,32.590,,False,-1521.000,0.790
AMBUJACEM,2013-12,13.950,18.219,13.507,17.550,9.864,0.005,False,30.731,,False,-1666.000,0.707
AMBUJACEM,2014-12,14.937,19.427,14.767,19.141,10.715,0.003,False,35.652,,False,-2063.000,0.717
AMBUJACEM,2015-12,8.562,16.340,7.867,14.962,5.717,0.003,False,20.598,,False,-2114.000,0.668
AMBUJACEM,2016-12,7.136,15.831,7.235,16.025,4.369,0.001,False,23.673,,False,-146.000,0.612
AMBUJACEM,2017-12,8.238,16.341,9.409,18.641,5.477,0.001,False,20.354,,False,-129.000,0.665
AMBUJACEM,2018-12,11.417,15.403,13.290,17.898,7.951,0.002,False,24.959,,False,-93.000,0.696
AMBUJACEM,2019-12,10.268,16.961,11.558,19.060,6.927,0.002,False,30.576,,False,-109.000,0.675
AMBUJACEM,2020-12,12.673,20.419,13.653,21.552,7.823,0.021,False,37.814,,False,304.000,0.617
AMBUJACEM,2021-12,12.812,21.440,14.637,24.041,8.209,0.019,False,44.260,,False,279.000,0.641
AMBUJACEM,2023-03,7.766,13.155,9.540,15.896,5.847,0.016,False,28.559,,False,309.000,0.753
AMBUJACEM,2024-03,14.288,19.300,11.429,15.182,7.260,0.017,False,28.264,,False,-150.000,0.508
APOLLOHOSP,2013-03,8.039,16.238,11.030,15.455,6.294,0.442,False,6.262,,False,686.000,0.783
APOLLOHOSP,2014-03,7.230,15.515,10.581,15.645,5.888,0.451,False,5.832,,False,1022.000,0.814
APOLLOHOSP,2015-03,6.531,14.369,10.561,14.272,5.187,0.628,False,6.644,,False,1681.000,0.794
APOLLOHOSP,2016-03,3.821,11.122,7.053,11.093,3.193,0.851,False,4.311,,False,2482.000,0.836
APOLLOHOSP,2017-03,1.805,10.116,3.953,11.399,1.617,0.943,False,3.089,,False,2719.000,0.895
APOLLOHOSP,2018-03,0.728,9.717,1.845,11.993,0.698,1.054,False,2.797,,False,3075.000,0.959
APOLLOHOSP,2019-03,2.080,11.126,5.999,15.270,2.182,1.102,False,3.352,,False,3211.000,1.049
APOLLOHOSP,2020-03,3.841,14.146,12.934,22.938,3.827,1.077,False,3.402,,False,3162.000,0.996
APOLLOHOSP,2021-03,1.297,10.795,2.976,13.009,1.203,0.904,False,2.768,,False,2817.000,0.927
APOLLOHOSP,2022-03,7.556,14.929,19.705,22.588,8.355,0.723,False,6.747,,False,3252.000,1.106
APOLLOHOSP,2023-03,5.081,12.431,13.617,19.611,5.855,0.699,False,5.617,,False,3758.000,1.152
APOLLOHOSP,2024-03,4.906,12.561,13.480,19.513,5.585,0.769,False,5.566,,False,4347.000,1.138
ASIANPAINT,2013-03,11.043,16.537,34.279,47.785,17.099,0.074,False,44.071,,False,-45.000,1.548
ASIANPAINT,2014-03,10.336,16.399,31.270,46.735,15.641,0.062,False,44.333,,False,-1175.000,1.513
ASIANPAINT,2015-03,10.481,16.474,30.093,43.469,16.009,0.088,False,56.786,,False,-1170.000,1.527
ASIANPAINT,2016-03,12.634,19.095,27.632,39.793,17.075,0.050,False,59.959,,False,-2389.000,1.352
ASIANPAINT,2017-03,13.385,19.878,26.512,36.673,16.252,0.074,False,90.054,,False,-2092.000,1.214
ASIANPAINT,2018-03,12.470,19.043,24.946,35.827,15.244,0.063,False,86.341,,False,-1608.000,1.222
ASIANPAINT,2019-03,11.476,19.569,23.313,34.890,13.589,0.139,False,36.718,,False,-1249.000,1.184
ASIANPAINT,2020-03,13.725,20.568,27.384,36.958,17.189,0.110,False,44.235,,False,-901.000,1.252
ASIANPAINT,2021-03,14.770,22.364,25.043,34.938,15.755,0.085,False,56.391,,False,-3644.000,1.067
ASIANPAINT,2022-03,10.601,16.508,22.336,31.197,13.438,0.115,False,53.684,,False,-1661.000,1.268
ASIANPAINT,2023-03,12.163,18.151,26.232,34.923,16.273,0.121,False,46.465,,False,-2329.000,1.338
ASIANPAINT,2024-03,15.659,21.369,29.677,35.775,18.588,0.132,False,41.005,,False,-2114.000,1.187
ATGL,2018-03,11.790,26.638,15.945,15.502,5.780,1.324,False,3.568,,False,1165.000,0.490
ATGL,2019-03,13.322,26.469,20.780,30.414,11.182,0.358,False,5.711,,False,218.000,0.839
ATGL,2020-03,23.253,31.733,29.640,31.332,17.609,0.291,False,15.585,,False,146.000,0.757
ATGL,2021-03,27.300,41.509,23.940,28.583,14.451,0.274,False,18.350,,False,112.000,0.529
ATGL,2022-03,16.754,25.444,21.068,22.399,11.529,0.428,False,15.453,,False,401.000,0.688
ATGL,2023-03,12.471,19.872,18.565,19.940,9.672,0.484,False,11.846,,False,740.000,0.776
ATGL,2024-03,14.927,24.670,18.659,21.491,10.133,0.435,False,10.505,,False,851.000,0.679
AXISBANK,2013-03,19.052,30.582,15.619,2.524,1.521,8.935,False,1.270,,True,182876.000,0.080
AXISBANK,2014-03,20.293,31.474,16.194,2.595,1.609,8.680,False,1.303,,True,220187.000,0.079
AXISBANK,2015-03,20.739,31.362,16.370,2.464,1.575,9.047,False,1.331,,True,288111.000,0.076
AXISBANK,2016-03,20.064,32.612,15.355,2.543,1.505,8.816,False,1.427,,True,340751.000,0.075
AXISBANK,2017-03,8.260,53.451,6.525,4.078,0.602,9.355,False,2.035,,False,398419.000,0.073
AXISBANK,2018-03,0.603,63.117,0.430,4.277,0.039,9.523,False,2.633,,False,458388.000,0.065
AXISBANK,2019-03,8.506,49.385,6.898,3.482,0.575,10.501,False,2.067,,False,537940.000,0.068
AXISBANK,2020-03,2.598,55.985,1.884,3.968,0.175,9.235,False,2.256,,False,642055.000,0.068
AXISBANK,2021-03,10.400,50.120,6.359,3.327,0.658,8.210,False,2.588,,False,625215.000,0.063
AXISBANK,2022-03,19.332,44.469,11.014,2.630,1.089,8.633,False,1.969,,False,746335.000,0.056
AXISBANK,2023-03,11.249,34.156,7.382,2.269,0.713,8.877,False,1.803,,False,863943.000,0.063
AXISBANK,2024-03,22.731,34.693,15.833,2.613,1.637,8.249,False,1.691,,False,962948.000,0.072
BAJAJFINSV,2013-03,27.486,48.802,28.377,18.905,3.387,1.665,False,3.267,,False,-30260.000,0.123
BAJAJFINSV,2014-03,36.377,74.564,23.529,15.583,2.946,2.095,False,2.877,,False,-25807.000,0.081
BAJAJFINSV,2015-03,21.253,48.619,21.724,14.735,2.730,2.373,False,2.475,,False,-25055.000,0.128
BAJAJFINSV,2016-03,13.515,32.820,20.406,13.570,2.670,2.652,False,2.342,,False,-17636.000,0.198
BAJAJFINSV,2017-03,14.078,35.553,21.361,13.523,2.682,2.989,False,2.345,,False,-14376.000,0.191
BAJAJFINSV,2018-03,12.708,32.828,20.388,12.518,2.586,3.207,False,2.381,,False,-3733.000,0.203
BAJAJFINSV,2019-03,12.614,35.294,22.637,12.176,2.578,4.202,False,2.259,,False,18075.000,0.204
BAJAJFINSV,2020-03,11.028,33.593,19.149,11.518,2.385,4.064,False,1.922,,False,35391.000,0.216
BAJAJFINSV,2021-03,12.158,32.415,20.561,11.955,2.633,3.585,False,2.117,,False,14807.000,0.217
BAJAJFINSV,2022-03,12.154,31.364,20.657,10.652,2.494,4.005,False,2.229,,False,41957.000,0.205
BAJAJFINSV,2023-03,14.877,36.392,26.311,11.547,3.012,4.574,False,2.413,,False,76089.000,0.202
BAJAJFINSV,2024-03,14.128,37.040,25.850,11.706,2.902,4.789,False,2.197,,False,120548.000,0.205
BAJAJHLDNG,2013-03,550.742,95.549,17.941,3.113,17.225,0.000,False,,Debt Free,False,-9577.000,0.031
BAJAJHLDNG,2014-03,469.976,94.563,16.568,3.334,15.970,0.000,False,,Debt Free,False,-11325.000,0.034
BAJAJHLDNG,2015-03,387.214,92.366,15.150,3.614,14.604,0.000,False,,Debt Free,False,-13078.000,0.038
BAJAJHLDNG,2016-03,481.915,91.277,14.811,2.805,14.639,0.000,False,,Debt Free,False,-13276.000,0.030
BAJAJHLDNG,2017-03,293.705,74.584,13.879,3.525,13.824,0.000,False,,Debt Free,False,-17364.000,0.047
BAJAJHLDNG,2018-03,632.143,84.524,10.535,1.409,10.507,0.000,False,,Debt Free,False,-24575.000,0.017
BAJAJHLDNG,2019-03,707.193,80.510,11.309,1.287,11.286,0.000,False,,Debt Free,False,-26257.000,0.016
BAJAJHLDNG,2020-03,708.046,69.195,11.094,1.078,9.411,0.006,False,258.385,,False,-31900.000,0.013
BAJAJHLDNG,2021-03,799.562,77.024,9.831,0.944,8.033,0.004,False,950.750,,False,-44778.000,0.010
BAJAJHLDNG,2022-03,852.479,75.826,9.631,0.854,7.699,0.003,False,1421.000,,False,-52850.000,0.009
BAJAJHLDNG,2023-03,947.510,72.797,11.195,0.858,9.299,0.002,False,721.857,,False,-52462.000,0.010
BAJAJHLDNG,2024-03,432.726,91.774,13.577,2.876,11.303,0.001,False,3764.500,,False,-64652.000,0.026
BAJFINANCE,2015-03,16.654,32.493,18.708,5.570,2.739,5.553,False,68.346,,False,26329.000,0.164
BAJFINANCE,2016-03,17.523,32.251,17.221,5.296,2.723,4.985,False,68.029,,False,35996.000,0.155
BAJFINANCE,2017-03,18.415,32.598,19.125,5.523,2.881,5.130,False,149.045,,False,45180.000,0.156
BAJFINANCE,2018-03,19.583,32.285,15.750,4.994,2.943,4.200,False,414.600,,False,63418.000,0.150
BAJFINANCE,2019-03,21.610,29.502,20.282,4.497,3.216,5.158,False,422.154,,False,92989.000,0.149
BAJFINANCE,2020-03,19.959,34.727,16.283,5.649,3.202,4.015,False,1020.889,,False,112262.000,0.160
BAJFINANCE,2021-03,16.571,40.637,11.972,6.431,2.578,3.566,False,3621.000,,False,113237.000,0.156
BAJFINANCE,2022-03,22.212,37.546,16.078,5.686,3.307,3.780,False,-700.647,,True,152986.000,0.149
BAJFINANCE,2023-03,27.790,30.651,21.165,4.683,4.181,3.985,False,-2546.400,,True,193938.000,0.150
BAJFINANCE,2024-03,26.288,29.286,18.842,4.351,3.846,3.825,False,2689.167,,False,262465.000,0.146
BANKBARODA,2013-03,13.251,30.048,14.509,2.019,0.863,15.299,False,2.428,,False,383575.000,0.065
BANKBARODA,2014-03,12.446,29.778,13.306,1.840,0.745,16.302,False,2.169,,False,494860.000,0.060
BANKBARODA,2015-03,8.794,29.981,9.401,1.903,0.538,15.838,False,2.472,,False,540744.000,0.061
BANKBARODA,2016-03,-10.989,55.440,-11.842,3.829,-0.728,14.600,False,4.233,,False,491642.000,0.066
BANKBARODA,2017-03,4.171,43.285,4.307,2.784,0.258,15.058,False,2.424,,False,507783.000,0.062
BANKBARODA,2018-03,-3.986,56.655,-3.943,3.630,-0.246,14.438,False,3.262,,False,497174.000,0.062
BANKBARODA,2019-03,2.204,48.794,2.120,3.270,0.142,13.355,False,3.272,,False,538740.000,0.065
BANKBARODA,2020-03,1.243,51.439,1.289,3.544,0.082,14.046,False,3.328,,False,779254.000,0.066
BANKBARODA,2021-03,2.180,51.229,1.966,3.312,0.135,12.953,False,2.591,,False,785314.000,0.062
BANKBARODA,2022-03,10.810,51.125,8.635,2.938,0.592,12.902,False,2.606,,False,837744.000,0.055
BANKBARODA,2023-03,15.878,40.455,14.283,2.641,0.983,12.780,False,2.349,,False,945105.000,0.062
BANKBARODA,2024-03,15.939,37.489,15.762,2.820,1.140,12.144,False,1.897,,False,1046625.000,0.072
BHARTIARTL,2013-03,2.946,29.839,4.505,19.614,1.435,1.326,False,5.337,,False,59026.000,0.487
BHARTIARTL,2014-03,3.516,30.877,5.052,19.544,1.663,1.270,False,5.000,,False,60365.000,0.473
BHARTIARTL,2015-03,5.253,34.965,12.691,27.276,2.775,2.097,False,7.837,,False,72663.000,0.528
BHARTIARTL,2016-03,7.141,35.205,10.323,20.299,3.071,1.507,False,4.545,,False,88669.000,0.430
BHARTIARTL,2017-03,4.442,37.007,6.287,20.218,1.825,1.590,False,3.880,,False,92949.000,0.411
BHARTIARTL,2018-03,2.643,36.398,3.141,16.630,0.875,1.601,False,3.414,,False,95175.000,0.331
BHARTIARTL,2019-03,2.090,31.894,2.363,13.088,0.616,1.756,False,2.847,,False,109717.000,0.295
BHARTIARTL,2020-03,-35.029,41.821,-39.749,16.244,-8.539,1.921,False,-0.083,,True,122752.000,0.244
BHARTIARTL,2021-03,-12.288,45.002,-20.973,20.420,-3.590,2.761,False,2.721,,False,135235.000,0.292
BHARTIARTL,2022-03,7.126,49.365,12.479,24.355,2.299,2.549,False,3.743,,False,140329.000,0.323
BHARTIARTL,2023-03,8.830,51.223,15.841,23.478,2.764,2.914,False,3.746,,False,193066.000,0.313
BHARTIARTL,2024-03,5.706,52.201,10.358,26.254,1.936,2.609,False,3.306,,False,183990.000,0.339
BEL,2013-03,14.523,10.665,15183.333,2230.000,2024.444,4.000,False,184.429,,False,24.000,139.400
BEL,2014-03,14.606,14.191,13600.000,3303.571,2069.565,3.000,False,194.714,,False,21.000,141.696
BEL,2015-03,16.876,16.622,17100.000,3572.727,2442.857,3.714,False,240.857,,False,26.000,144.755
BEL,2016-03,18.181,18.942,11141.667,3764.865,2571.154,2.083,False,196.600,,False,25.000,141.423
BEL,2017-03,17.595,20.702,10153.333,4072.727,1977.922,1.933,False,122.889,,False,29.000,112.416
BEL,2018-03,13.758,19.604,4616.129,2581.013,1182.645,1.548,False,372.500,,False,48.000,85.959
BEL,2019-03,15.513,23.915,3851.020,3030.208,1497.619,0.959,False,186.375,,False,47.000,96.540
BEL,2020-03,14.073,21.275,3318.182,2786.869,1495.902,0.800,False,357.250,,False,44.000,106.295
BEL,2021-03,14.884,22.780,3559.322,2975.926,1381.579,0.831,False,333.900,,False,49.000,92.822
BEL,2022-03,15.617,21.760,3478.261,2633.071,1472.393,0.841,False,397.333,,False,58.000,94.282
BEL,2023-03,16.838,23.063,3981.333,3587.719,2073.611,0.520,False,230.053,,False,39.000,123.153
BEL,2024-03,19.662,24.921,4744.048,3977.165,2475.155,0.512,False,476.750,,False,42.000,125.888
BHEL,2013-03,13.686,19.391,21.909,28.523,9.319,0.088,False,82.930,,False,2692.000,0.681
BHEL,2014-03,8.852,11.575,10.557,12.093,4.649,0.141,False,46.586,,False,4687.000,0.525
BHEL,2015-03,4.629,6.835,4.239,5.931,2.043,0.055,False,36.543,,False,1883.000,0.441
BHEL,2016-03,-2.768,-5.321,-2.185,-4.172,-1.077,0.007,False,0.375,,True,-585.000,0.389
BHEL,2017-03,1.598,3.847,1.405,3.365,0.737,0.005,False,4.475,,False,-601.000,0.461
BHEL,2018-03,1.519,5.734,1.355,5.095,0.685,0.003,False,7.067,,False,-319.000,0.451
BHEL,2019-03,3.292,6.675,3.242,6.065,1.554,0.084,False,7.127,,False,2446.000,0.472
BHEL,2020-03,-6.840,-0.620,-5.122,-0.394,-2.435,0.177,False,0.746,,True,4918.000,0.356
BHEL,2021-03,-15.599,-17.615,-10.391,-9.856,-4.825,0.191,False,-5.687,,True,4766.000,0.309
BHEL,2022-03,2.098,3.904,1.679,2.642,0.781,0.182,False,2.752,,False,4625.000,0.372
BHEL,2023-03,2.799,4.468,2.683,3.500,1.134,0.224,False,2.595,,False,5219.000,0.405
BHEL,2024-03,1.180,2.976,1.154,2.136,0.472,0.362,False,1.593,,False,8600.000,0.400
BOSCHLTD,2012-12,11.064,15.591,17.190,23.264,12.124,0.041,False,286.500,,False,-1299.000,1.096
BOSCHLTD,2013-12,10.106,14.720,14.061,19.901,9.954,0.029,False,,Debt Free,False,-2019.000,0.985
BOSCHLTD,2015-03,11.071,16.391,18.212,26.562,12.827,0.015,False,179.857,,False,-2779.000,1.159
BOSCHLTD,2016-03,15.782,19.359,16.057,19.593,12.314,0.005,False,192.385,,False,-4578.000,0.780
BOSCHLTD,2017-03,16.684,18.812,19.786,22.309,14.754,0.000,False,106.481,,False,-3927.000,0.884
BOSCHLTD,2018-03,11.728,17.904,13.736,20.970,9.844,0.000,False,837.000,,False,-5240.000,0.839
BOSCHLTD,2019-03,13.223,17.824,17.508,23.600,12.573,0.000,False,211.846,,False,-4054.000,0.951
BOSCHLTD,2020-03,6.604,15.068,7.012,15.871,4.880,0.008,False,137.800,,False,-3968.000,0.739
BOSCHLTD,2021-03,4.960,11.967,4.907,11.775,3.262,0.005,False,65.857,,False,-5103.000,0.658
BOSCHLTD,2022-03,10.329,12.409,11.387,13.586,7.897,0.007,False,63.897,,False,-5455.000,0.765
BOSCHLTD,2023-03,9.538,12.124,12.930,16.356,8.758,0.005,False,190.083,,False,-4970.000,0.918
BOSCHLTD,2024-03,14.886,12.525,20.640,17.310,14.347,0.003,False,71.784,,False,-5086.000,0.964
BPCL,2013-03,0.799,2.770,11.541,13.436,2.431,1.977,False,3.257,,False,25687.000,3.041
BPCL,2014-03,1.533,3.560,20.849,17.900,4.582,1.705,False,5.428,,False,26167.000,2.989
BPCL,2015-03,2.095,4.031,22.525,20.352,5.887,1.130,False,10.082,,False,17780.000,2.810
BPCL,2016-03,4.307,6.906,29.103,25.343,9.360,0.841,False,21.888,,False,13987.000,2.173
BPCL,2017-03,4.724,6.849,30.848,20.713,8.715,1.159,False,23.713,,False,14398.000,1.845
BPCL,2018-03,4.151,6.493,26.740,20.621,8.136,1.028,False,15.383,,False,13934.000,1.960
BPCL,2019-03,2.860,5.067,21.999,18.076,6.228,1.157,False,10.253,,False,19932.000,2.178
BPCL,2020-03,1.288,3.154,10.035,8.798,2.430,1.792,False,3.932,,False,38447.000,1.886
BPCL,2021-03,7.525,9.124,32.341,19.430,10.759,1.018,False,16.535,,False,27764.000,1.430
BPCL,2022-03,3.369,5.518,22.507,16.435,6.229,1.243,False,9.239,,False,40918.000,1.849
BPCL,2023-03,0.450,2.303,3.982,8.868,1.133,1.296,False,3.454,,False,42598.000,2.515
BPCL,2024-03,5.994,9.838,35.511,33.848,13.269,0.722,False,11.356,,False,27968.000,2.214
BRITANNIA,2013-03,4.204,6.807,46.595,44.883,13.808,0.681,False,11.537,,False,272.000,3.285
BRITANNIA,2014-03,5.714,9.070,49.499,66.139,18.747,0.188,False,82.625,,False,-48.000,3.281
BRITANNIA,2015-03,8.768,11.072,55.341,62.590,24.669,0.116,False,274.500,,False,-373.000,2.813
BRITANNIA,2016-03,9.825,14.577,39.436,55.061,23.612,0.063,False,267.800,,False,-657.000,2.403
BRITANNIA,2017-03,9.775,14.115,32.826,45.303,21.538,0.046,False,285.800,,False,-362.000,2.203
BRITANNIA,2018-03,10.127,15.140,29.477,41.614,19.352,0.059,False,208.375,,False,-878.000,1.911
BRITANNIA,2019-03,10.448,15.667,27.157,39.283,18.516,0.037,False,215.333,,False,-1320.000,1.772
BRITANNIA,2020-03,12.017,15.888,31.660,31.022,17.803,0.349,False,27.351,,False,-1355.000,1.481
BRITANNIA,2021-03,14.091,19.100,52.170,44.250,23.137,0.598,False,25.423,,False,-659.000,1.642
BRITANNIA,2022-03,10.724,15.570,59.265,43.679,20.141,0.970,False,16.826,,False,719.000,1.878
BRITANNIA,2023-03,14.208,17.367,65.535,43.347,24.767,0.848,False,20.284,,False,-327.000,1.743
BRITANNIA,2024-03,12.726,18.886,54.149,52.731,23.523,0.524,False,20.598,,False,-702.000,1.848
CANBK,2013-03,8.791,21.183,11.896,1.799,0.714,14.936,False,2.182,,False,248506.000,0.081
CANBK,2014-03,6.753,24.352,8.855,2.016,0.533,14.843,False,2.325,,False,312468.000,0.079
CANBK,2015-03,6.690,23.514,9.021,1.937,0.525,15.373,False,2.176,,False,347366.000,0.078
CANBK,2016-03,-5.756,40.385,-7.822,3.299,-0.450,15.634,False,3.374,,False,354242.000,0.078
CANBK,2017-03,3.404,37.849,4.068,2.755,0.237,15.420,False,1.997,,False,372785.000,0.070
CANBK,2018-03,-9.368,61.874,-10.497,4.259,-0.613,15.279,False,3.454,,False,406312.000,0.065
CANBK,2019-03,1.451,56.729,1.847,4.013,0.098,16.985,False,2.743,,False,471488.000,0.067
CANBK,2020-03,-3.861,53.878,-4.662,3.779,-0.259,16.215,False,2.270,,False,475525.000,0.067
CANBK,2021-03,4.209,61.829,4.738,3.867,0.251,17.000,False,1.880,,False,774807.000,0.060
CANBK,2022-03,8.721,58.395,8.802,3.429,0.489,16.189,False,1.743,,False,821279.000,0.056
CANBK,2023-03,13.210,49.801,14.535,3.252,0.821,15.850,False,1.688,,False,884267.000,0.062
CANBK,2024-03,13.935,41.754,16.716,3.157,1.003,14.867,False,1.611,,False,970573.000,0.072
CHOLAFIN,2013-03,11.984,26.770,15.779,3.995,1.690,7.822,False,706.000,,False,15097.000,0.141
CHOLAFIN,2014-03,11.223,28.423,16.091,4.577,1.708,7.903,False,950.000,,False,18036.000,0.152
CHOLAFIN,2015-03,11.952,28.560,16.598,4.690,1.860,7.458,False,,Debt Free,False,19925.000,0.156
CHOLAFIN,2016-03,13.645,30.043,15.668,4.829,2.062,6.143,False,643.500,,False,22530.000,0.151
CHOLAFIN,2017-03,15.296,28.164,16.705,4.660,2.347,5.601,False,448.667,,False,23889.000,0.153
CHOLAFIN,2018-03,16.514,26.102,17.912,3.339,2.078,7.479,False,,Debt Free,False,38307.000,0.126
CHOLAFIN,2019-03,16.840,22.960,19.282,2.875,2.082,8.145,False,1659.000,,False,50525.000,0.124
CHOLAFIN,2020-03,12.098,27.789,12.854,3.830,1.645,6.708,False,,Debt Free,False,54972.000,0.136
CHOLAFIN,2021-03,15.872,30.398,15.844,3.972,2.038,6.639,False,52.411,,False,62147.000,0.128
CHOLAFIN,2022-03,21.226,28.833,18.302,3.615,2.612,5.878,False,35.179,,False,67119.000,0.123
CHOLAFIN,2023-03,20.685,28.105,18.577,3.242,2.345,6.786,False,16.582,,False,93796.000,0.113
CHOLAFIN,2024-03,17.847,28.101,17.455,3.495,2.183,6.863,False,21.212,,False,130439.000,0.122
CIPLA,2013-03,18.662,73.258,17.131,60.735,13.253,0.107,False,24.865,,False,-1565.000,0.710
CIPLA,2014-03,13.801,78.895,13.969,71.033,10.478,0.124,False,32.060,,False,539.000,0.759
CIPLA,2015-03,10.833,80.943,11.378,73.435,7.843,0.158,False,56.110,,False,1063.000,0.724
CIPLA,2016-03,10.029,82.016,12.008,67.648,6.570,0.452,False,54.462,,False,4443.000,0.655
CIPLA,2017-03,7.190,82.659,8.251,71.429,4.960,0.328,False,57.284,,False,3140.000,0.690
CIPLA,2018-03,9.349,81.347,9.959,67.272,6.250,0.288,False,44.100,,False,2839.000,0.668
CIPLA,2019-03,9.119,81.072,9.939,68.631,6.279,0.288,False,27.849,,False,1762.000,0.689
CIPLA,2020-03,8.756,81.286,9.516,74.956,6.404,0.179,False,40.538,,False,1345.000,0.731
CIPLA,2021-03,12.469,77.803,13.036,73.289,9.612,0.110,False,56.124,,False,-696.000,0.771
CIPLA,2022-03,11.703,79.084,12.221,78.600,9.484,0.051,False,174.061,,False,-1495.000,0.810
CIPLA,2023-03,12.451,77.906,12.103,73.218,9.669,0.034,False,60.573,,False,-2859.000,0.777
CIPLA,2024-03,16.117,75.592,15.555,71.458,12.769,0.021,False,35.339,,False,-4890.000,0.792
COALINDIA,2013-03,25.410,73.519,35.806,100.882,15.638,0.027,False,5.741,,False,-1090.000,0.615
COALINDIA,2014-03,21.403,74.839,35.638,124.095,14.401,0.004,False,7.374,,False,-3597.000,0.673
COALINDIA,2015-03,18.520,76.601,34.017,139.292,12.337,0.010,False,8.645,,False,-2405.000,0.666
COALINDIA,2016-03,18.324,75.965,40.958,164.151,12.563,0.034,False,9.963,,False,-1707.000,0.686
COALINDIA,2017-03,11.872,84.075,37.850,238.690,7.825,0.123,False,12.365,,False,1531.000,0.659
COALINDIA,2018-03,8.256,89.104,34.880,349.770,5.609,0.076,False,15.270,,False,-166.000,0.679
COALINDIA,2019-03,17.537,74.889,66.014,260.174,13.129,0.084,False,12.788,,False,-960.000,0.749
COALINDIA,2020-03,17.381,77.540,51.933,193.050,11.132,0.200,False,11.565,,False,4461.000,0.640
COALINDIA,2021-03,14.109,79.308,34.783,168.384,7.887,0.161,False,19.086,,False,-66.000,0.559
COALINDIA,2022-03,15.839,77.469,40.280,182.170,9.685,0.081,False,21.991,,False,-5407.000,0.611
COALINDIA,2023-03,22.946,68.006,52.139,144.260,14.329,0.071,False,14.337,,False,-2808.000,0.624
COALINDIA,2024-03,26.256,66.294,45.170,105.713,15.803,0.079,False,11.242,,False,-587.000,0.602
DABUR,2013-03,12.476,16.156,36.563,30.561,16.267,0.549,False,18.508,,False,222.000,1.304
DABUR,2014-03,12.978,16.464,34.488,34.542,17.244,0.267,False,23.852,,False,-368.000,1.329
DABUR,2015-03,13.701,16.934,31.843,32.290,17.491,0.219,False,36.850,,False,-1079.000,1.277
DABUR,2016-03,16.118,19.512,30.065,30.506,18.090,0.193,False,36.146,,False,-1886.000,1.122
DABUR,2017-03,16.811,19.858,26.408,25.970,16.555,0.201,False,33.481,,False,-2265.000,0.985
DABUR,2018-03,17.586,20.940,23.800,24.338,15.606,0.164,False,36.000,,False,-2867.000,0.887
DABUR,2019-03,16.982,20.435,25.675,27.484,17.139,0.124,False,32.700,,False,-2660.000,1.009
DABUR,2020-03,16.672,20.633,21.919,25.140,15.508,0.079,False,39.940,,False,-2278.000,0.930
DABUR,2021-03,17.726,20.937,22.116,24.495,15.647,0.066,False,75.065,,False,-3651.000,0.883
DABUR,2022-03,15.998,20.681,20.783,23.927,14.181,0.123,False,65.641,,False,-5190.000,0.886
DABUR,2023-03,14.753,18.751,18.957,21.307,12.460,0.131,False,33.423,,False,-5091.000,0.845
DABUR,2024-03,14.600,19.349,18.356,21.369,11.981,0.138,False,23.242,,False,-5568.000,0.821
DIVISLAB,2013-03,28.065,38.042,24.070,32.202,19.178,0.013,False,287.000,,False,-375.000,0.683
DIVISLAB,2014-03,30.529,40.205,26.080,34.138,20.836,0.006,False,362.000,,False,-484.000,0.682
DIVISLAB,2015-03,27.352,37.657,24.371,33.295,19.342,0.008,False,403.667,,False,-706.000,0.707
DIVISLAB,2016-03,29.820,37.685,26.229,32.826,22.989,0.010,False,303.200,,False,-761.000,0.771
DIVISLAB,2017-03,26.083,35.679,19.787,26.887,17.222,0.007,False,507.333,,False,-1595.000,0.660
DIVISLAB,2018-03,22.539,32.614,14.802,21.192,12.926,0.011,False,688.000,,False,-1826.000,0.573
DIVISLAB,2019-03,27.355,37.889,19.448,26.533,16.837,0.015,False,405.600,,False,-1840.000,0.615
DIVISLAB,2020-03,25.528,33.852,18.837,24.847,16.141,0.005,False,287.429,,False,-932.000,0.632
DIVISLAB,2021-03,28.469,41.139,21.345,30.828,18.420,0.001,False,1462.000,,False,5.000,0.647
DIVISLAB,2022-03,33.036,43.359,25.239,33.115,22.156,0.000,False,1998.500,,False,-68.000,0.671
DIVISLAB,2023-03,23.484,30.514,14.287,18.558,12.645,0.000,False,1357.000,,False,-73.000,0.538
DIVISLAB,2024-03,20.395,28.171,11.790,16.281,10.349,0.000,False,636.250,,False,-79.000,0.507
DLF,2013-03,8.581,33.874,2.592,5.032,1.032,1.034,False,1.691,,False,25266.000,0.120
DLF,2014-03,7.110,30.043,2.154,4.838,0.914,0.881,False,1.472,,True,23242.000,0.129
DLF,2015-03,6.628,39.404,1.852,5.811,0.765,0.895,False,1.526,,False,23872.000,0.115
DLF,2016-03,3.073,39.956,1.267,8.039,0.494,1.050,False,1.669,,False,3954.000,0.161
DLF,2017-03,8.612,41.917,2.881,6.408,1.107,1.188,False,1.537,,False,27993.000,0.129
DLF,2018-03,66.751,35.455,12.679,4.504,7.390,0.495,False,4.100,,False,-3341.000,0.111
DLF,2019-03,15.706,25.675,3.914,4.229,1.976,0.513,False,1.422,,True,-3783.000,0.126
DLF,2020-03,-9.699,18.839,-1.713,2.693,-1.056,0.235,False,1.598,,False,-10463.000,0.109
DLF,2021-03,20.004,27.133,3.064,3.479,2.025,0.195,False,2.171,,False,-12860.000,0.101
DLF,2022-03,26.238,30.488,4.125,4.299,2.932,0.115,False,3.101,,False,-15597.000,0.112
DLF,2023-03,35.716,30.307,5.397,4.208,3.869,0.088,False,5.212,,False,-16147.000,0.108
DLF,2024-03,42.384,33.048,6.908,4.798,4.612,0.123,False,7.458,,False,-15304.000,0.109
DMART,2013-03,2.814,6.435,11.914,16.350,6.300,0.667,False,5.349,,False,510.000,2.239
DMART,2014-03,3.436,7.277,16.841,21.353,8.905,0.671,False,6.375,,False,625.000,2.592
DMART,2015-03,3.292,7.082,17.667,21.673,9.002,0.753,False,6.611,,False,889.000,2.734
DMART,2016-03,3.728,7.735,21.039,24.475,10.316,0.784,False,7.484,,False,1163.000,2.767
DMART,2017-03,4.026,8.144,12.467,18.149,8.232,0.390,False,8.172,,False,1471.000,2.045
DMART,2018-03,5.362,9.000,17.263,26.488,14.271,0.094,False,24.017,,False,371.000,2.662
DMART,2019-03,4.509,8.163,16.145,25.974,12.875,0.125,False,35.766,,False,683.000,2.855
DMART,2020-03,5.231,8.556,11.742,18.645,10.773,0.030,False,31.710,,False,318.000,2.059
DMART,2021-03,4.552,7.228,9.020,13.875,8.048,0.032,False,46.167,,False,390.000,1.768
DMART,2022-03,4.817,8.077,10.908,17.466,9.644,0.047,False,48.444,,False,641.000,2.002
DMART,2023-03,5.551,8.494,14.790,21.763,13.134,0.040,False,56.224,,False,441.000,2.366
DMART,2024-03,4.993,8.084,13.563,21.286,11.978,0.032,False,73.293,,False,485.000,2.399
DRREDDY,2013-03,12.905,22.556,23.976,26.555,11.413,0.578,False,28.150,,False,3485.000,0.884
DRREDDY,2014-03,14.633,24.234,24.959,26.341,12.341,0.569,False,26.937,,False,3410.000,0.843
DRREDDY,2015-03,15.549,23.351,23.709,24.762,12.656,0.438,False,34.889,,False,2066.000,0.814
DRREDDY,2016-03,13.688,23.028,16.954,22.517,10.482,0.267,False,46.747,,False,-481.000,0.766
DRREDDY,2017-03,9.101,17.413,10.537,14.389,5.967,0.401,False,33.468,,False,2808.000,0.656
DRREDDY,2018-03,6.631,16.462,7.533,13.325,4.237,0.403,False,31.722,,False,2773.000,0.639
DRREDDY,2019-03,12.623,20.572,13.905,17.792,8.698,0.274,False,39.989,,False,1251.000,0.689
DRREDDY,2020-03,11.566,14.141,12.988,13.909,8.724,0.142,False,32.112,,False,-468.000,0.754
DRREDDY,2021-03,10.248,20.338,11.065,18.740,7.342,0.172,False,43.392,,False,819.000,0.716
DRREDDY,2022-03,10.128,17.489,11.357,16.676,7.335,0.176,False,45.031,,False,768.000,0.724
DRREDDY,2023-03,18.269,26.226,19.355,26.266,13.993,0.058,False,52.035,,False,-3639.000,0.766
DRREDDY,2024-03,19.914,28.321,19.742,26.220,14.384,0.071,False,51.708,,False,-2928.000,0.722
EICHERMOT,2012-12,7.433,8.607,27.066,30.934,10.624,0.013,False,171.500,,False,-615.000,1.429
EICHERMOT,2013-12,7.709,10.499,25.547,33.427,9.837,0.041,False,101.000,,False,-741.000,1.276
EICHERMOT,2014-12,8.034,12.795,27.901,43.434,10.964,0.023,False,122.300,,False,-1020.000,1.365
EICHERMOT,2016-03,21.675,27.377,36.627,45.974,27.091,0.006,False,1008.000,,False,-3365.000,1.250
EICHERMOT,2017-03,23.703,30.911,31.188,39.839,23.784,0.021,False,647.500,,False,-4875.000,1.003
EICHERMOT,2018-03,21.863,31.333,27.881,39.117,20.584,0.021,False,669.000,,False,-5430.000,0.942
EICHERMOT,2019-03,22.486,29.642,24.703,31.895,19.347,0.021,False,515.000,,False,-4736.000,0.860
EICHERMOT,2020-03,19.958,23.847,18.305,21.339,14.675,0.025,False,145.000,,False,-5500.000,0.735
EICHERMOT,2021-03,15.447,20.447,11.777,15.296,9.252,0.019,False,141.562,,False,-3683.000,0.599
EICHERMOT,2022-03,16.285,21.150,13.301,17.128,10.390,0.009,False,140.737,,False,-7613.000,0.638
EICHERMOT,2023-03,20.177,23.861,19.440,22.555,15.179,0.019,False,155.500,,False,-12033.000,0.752
EICHERMOT,2024-03,24.196,26.179,22.172,23.446,17.309,0.023,False,114.706,,False,-13108.000,0.715
GAIL,2013-03,8.567,14.570,15.166,16.407,7.302,0.572,False,19.025,,False,15218.000,0.852
GAIL,2014-03,7.749,12.933,14.746,15.665,7.158,0.571,False,13.804,,False,17255.000,0.924
GAIL,2015-03,5.218,9.299,9.288,10.764,4.536,0.538,False,10.086,,False,17019.000,0.869
GAIL,2016-03,3.600,8.714,5.148,9.979,3.173,0.249,False,6.408,,False,-792.000,0.881
GAIL,2017-03,6.949,12.401,8.584,13.130,5.788,0.167,False,14.210,,False,-3572.000,0.833
GAIL,2018-03,8.817,14.317,11.529,17.127,7.832,0.093,False,29.661,,False,-6576.000,0.888
GAIL,2019-03,8.601,13.044,14.244,20.606,9.577,0.048,False,73.314,,False,-8498.000,1.113
GAIL,2020-03,13.121,12.441,19.313,16.059,12.698,0.140,False,41.482,,False,-2981.000,0.968
GAIL,2021-03,10.707,12.628,11.551,11.866,7.581,0.148,False,56.302,,False,-5185.000,0.708
GAIL,2022-03,13.263,16.343,19.191,20.675,12.739,0.144,False,89.535,,False,-7192.000,0.961
GAIL,2023-03,3.842,5.149,8.619,9.064,5.191,0.274,False,28.279,,False,568.000,1.351
GAIL,2024-03,7.433,10.744,12.862,14.489,7.939,0.283,False,23.624,,False,-116.000,1.068
GODREJCP,2013-03,13.178,15.518,25.506,17.247,10.981,0.741,False,13.667,,False,2335.000,0.833
GODREJCP,2014-03,10.778,15.384,21.695,19.014,9.844,0.629,False,10.258,,False,2237.000,0.913
GODREJCP,2015-03,11.797,16.669,22.640,19.622,10.696,0.630,False,12.964,,False,2531.000,0.907
GODREJCP,2016-03,9.865,19.670,19.475,23.149,8.586,0.678,False,10.898,,False,2701.000,0.870
GODREJCP,2017-03,14.113,20.576,24.670,20.499,10.108,0.755,False,12.877,,False,3067.000,0.716
GODREJCP,2018-03,16.594,21.164,26.111,21.339,11.786,0.561,False,13.682,,False,2511.000,0.710
GODREJCP,2019-03,22.707,20.671,32.228,20.021,16.617,0.465,False,10.479,,False,2866.000,0.732
GODREJCP,2020-03,15.104,21.733,18.954,18.775,10.060,0.453,False,9.588,,False,2903.000,0.666
GODREJCP,2021-03,15.604,21.752,18.233,21.224,12.082,0.197,False,17.551,,False,1185.000,0.774
GODREJCP,2022-03,14.524,19.624,15.429,18.167,11.087,0.147,False,20.385,,False,689.000,0.763
GODREJCP,2023-03,12.782,18.346,12.339,16.370,9.761,0.082,False,13.601,,False,-1899.000,0.764
GODREJCP,2024-03,-3.980,20.978,-4.453,18.692,-3.050,0.256,False,2.413,,False,-282.000,0.766
GRASIM,2013-03,13.537,21.226,19.220,20.283,8.562,0.486,False,20.827,,False,1539.000,0.633
GRASIM,2014-03,10.427,17.348,13.666,15.705,6.188,0.448,False,12.284,,False,2070.000,0.593
GRASIM,2015-03,8.136,16.210,11.158,14.668,4.779,0.516,False,8.507,,False,4675.000,0.587
GRASIM,2016-03,10.018,17.140,12.596,14.802,5.799,0.456,False,10.071,,False,1904.000,0.579
GRASIM,2017-03,11.772,20.481,13.528,18.195,6.767,0.294,False,12.056,,False,-4987.000,0.575
GRASIM,2018-03,6.598,20.775,6.429,9.332,1.774,1.169,False,3.282,,False,1075.000,0.269
GRASIM,2019-03,3.556,21.554,4.731,11.677,1.138,1.456,False,2.441,,False,21740.000,0.320
GRASIM,2020-03,9.727,15.198,11.723,7.335,2.719,1.497,False,2.533,,False,18440.000,0.280
GRASIM,2021-03,9.145,24.390,10.668,12.890,2.613,1.207,False,3.454,,False,-8939.000,0.286
GRASIM,2022-03,11.709,21.349,14.803,13.581,3.876,0.987,False,4.623,,False,-22022.000,0.331
GRASIM,2023-03,9.418,18.354,14.069,11.876,3.289,1.309,False,4.190,,False,-2316.000,0.349
GRASIM,2024-03,7.578,20.763,11.196,12.043,2.409,1.547,False,3.016,,False,7849.000,0.318
HAL,2016-03,11.923,14.787,1665.000,1795.652,1135.227,0.150,False,679.333,,False,18.000,95.216
HAL,2017-03,14.574,18.028,1966.917,2397.037,1538.824,0.015,False,267.500,,False,-20.000,105.588
HAL,2018-03,10.730,18.684,1528.462,2601.504,1196.988,0.023,False,120.600,,False,-21.000,111.560
HAL,2019-03,11.725,22.836,1763.910,3240.426,1340.571,0.060,False,27.938,,False,-14.000,114.331
HAL,2020-03,13.253,22.756,2059.420,3485.714,1642.775,0.014,False,14.749,,False,-16.000,123.960
HAL,2021-03,14.155,23.341,2249.306,3560.667,1741.398,0.042,False,21.352,,False,-11.000,123.022
HAL,2022-03,20.658,22.015,3324.183,3284.848,2517.822,0.078,False,98.554,,False,-17.000,121.881
HAL,2023-03,21.580,24.766,3283.051,2977.232,2144.280,0.266,False,130.328,,False,12.000,99.365
HAL,2024-03,24.999,32.089,3816.583,3027.640,1687.778,0.618,False,270.884,,False,80.000,67.513
HAVELLS,2013-03,8.143,9.446,40.291,27.805,13.033,0.681,False,7.285,,False,982.000,1.600
HAVELLS,2014-03,5.540,9.651,26.771,28.566,8.365,0.633,False,7.961,,False,1054.000,1.510
HAVELLS,2015-03,4.547,8.916,21.177,33.675,8.041,0.233,False,8.365,,False,424.000,1.769
HAVELLS,2016-03,17.119,10.482,42.947,25.182,29.633,0.044,False,19.176,,False,-55.000,1.731
HAVELLS,2017-03,8.059,13.295,15.079,23.393,9.559,0.063,False,65.923,,False,46.000,1.186
HAVELLS,2018-03,8.144,12.728,17.721,26.866,10.003,0.031,False,45.200,,False,115.000,1.228
HAVELLS,2019-03,7.823,11.804,18.771,27.703,11.024,0.022,False,82.062,,False,94.000,1.409
HAVELLS,2020-03,7.786,11.303,17.045,24.339,10.392,0.017,False,23.020,,False,72.000,1.335
HAVELLS,2021-03,9.984,15.196,20.166,27.887,11.794,0.101,False,19.733,,False,215.000,1.181
HAVELLS,2022-03,8.581,12.735,19.923,26.817,11.366,0.103,False,28.866,,False,190.000,1.325
HAVELLS,2023-03,6.339,9.585,16.179,23.668,9.608,0.034,False,32.709,,False,22.000,1.516
HAVELLS,2024-03,6.837,10.118,17.067,24.271,10.223,0.041,False,25.357,,False,283.000,1.495
HCLTECH,2013-06,15.793,22.204,30.690,39.977,18.037,0.079,False,56.717,,False,331.000,1.142
HCLTECH,2014-06,20.309,24.997,33.391,39.066,21.775,0.052,False,76.421,,False,356.000,1.072
HCLTECH,2015-06,20.005,23.122,30.309,34.119,20.831,0.027,False,105.626,,False,-221.000,1.041
HCLTECH,2016-03,17.992,21.371,20.452,23.363,14.240,0.040,False,101.689,,False,392.000,0.791
HCLTECH,2017-03,18.092,21.842,26.119,30.986,18.806,0.018,False,128.753,,False,-724.000,1.039
HCLTECH,2018-03,17.248,22.239,23.971,30.441,18.175,0.015,False,180.812,,False,-2103.000,1.054
HCLTECH,2019-03,16.747,23.046,24.465,30.566,17.344,0.101,False,85.454,,False,1890.000,1.036
HCLTECH,2020-03,15.645,24.501,21.567,29.224,13.351,0.156,False,35.455,,False,920.000,0.853
HCLTECH,2021-03,14.817,26.596,18.642,30.022,12.980,0.115,False,41.047,,False,2.000,0.876
HCLTECH,2022-03,15.788,23.968,21.842,30.076,15.208,0.102,False,67.699,,False,-8.000,0.963
HCLTECH,2023-03,14.632,22.303,22.697,32.234,15.920,0.073,False,67.949,,False,-701.000,1.088
HCLTECH,2024-03,14.293,22.016,23.014,32.691,15.868,0.084,False,46.461,,False,-1379.000,1.110
HDFCBANK,2013-03,19.249,35.222,18.839,3.393,1.693,9.158,False,1.772,,False,224628.000,0.088
HDFCBANK,2014-03,20.604,31.742,19.852,2.931,1.741,9.434,False,1.629,,False,297106.000,0.084
HDFCBANK,2015-03,21.125,31.903,16.947,2.821,1.763,8.072,False,1.695,,False,360308.000,0.083
HDFCBANK,2016-03,20.299,31.752,17.255,2.770,1.682,8.742,False,1.790,,False,455953.000,0.083
HDFCBANK,2017-03,20.905,32.559,16.686,2.863,1.716,8.078,False,1.850,,False,530773.000,0.082
HDFCBANK,2018-03,21.763,34.626,16.935,2.801,1.682,8.621,False,1.840,,False,706356.000,0.077
HDFCBANK,2019-03,21.344,33.145,14.606,2.825,1.736,7.029,False,1.841,,False,790789.000,0.081
HDFCBANK,2020-03,22.339,37.204,15.478,3.012,1.727,7.559,False,1.828,,False,943736.000,0.077
HDFCBANK,2021-03,24.781,40.806,15.184,3.048,1.770,7.204,False,1.920,,False,1072595.000,0.071
HDFCBANK,2022-03,28.065,41.606,15.425,2.783,1.797,7.217,False,1.781,,False,1335706.000,0.064
HDFCBANK,2023-03,27.027,36.920,15.944,2.596,1.824,7.391,False,1.860,,False,1627630.000,0.067
HDFCBANK,2024-03,23.073,61.413,14.340,4.888,1.624,6.809,False,1.401,,True,2101821.000,0.070
HDFCLIFE,2013-03,3.179,96.266,33.433,1012.341,1.066,0.000,False,483.536,,False,-40404.000,0.335
HDFCLIFE,2014-03,4.223,96.476,37.604,858.973,1.387,0.000,False,68.734,,False,-50527.000,0.328
HDFCLIFE,2015-03,2.888,96.789,30.933,1036.639,1.134,0.000,False,333.468,,False,-67024.000,0.393
HDFCLIFE,2016-03,4.504,94.741,26.329,553.883,1.067,0.000,False,159.185,,False,-74144.000,0.237
HDFCLIFE,2017-03,2.894,96.825,23.183,775.588,0.933,0.000,False,213.504,,False,-91723.000,0.322
HDFCLIFE,2018-03,3.431,96.671,23.528,662.827,1.002,0.000,False,110.599,,False,-106590.000,0.292
HDFCLIFE,2019-03,3.289,96.873,22.652,667.139,0.983,0.000,False,276.787,,False,-124958.000,0.299
HDFCLIFE,2020-03,4.415,96.116,19.054,414.852,0.981,0.000,False,76.539,,False,-127256.000,0.222
HDFCLIFE,2021-03,1.903,98.275,15.752,760.758,0.758,0.069,False,157.969,,False,-172964.000,0.398
HDFCLIFE,2022-03,1.977,98.841,8.499,409.202,0.575,0.038,False,86.617,,False,-215951.000,0.291
HDFCLIFE,2023-03,1.949,99.886,10.529,502.955,0.551,0.073,False,48.801,,False,-237247.000,0.283
HDFCLIFE,2024-03,1.551,99.477,10.732,646.459,0.520,0.065,False,192.290,,False,-290178.000,0.335
HEROMOTOCO,2014-03,8.317,85.943,37.382,367.733,20.767,0.051,False,50.549,,False,-3822.000,2.497
HEROMOTOCO,2015-03,8.585,87.218,36.147,361.717,22.189,0.015,False,73.942,,False,-3018.000,2.585
HEROMOTOCO,2016-03,10.936,84.454,35.228,265.089,24.132,0.026,False,57.124,,False,-4269.000,2.207
HEROMOTOCO,2017-03,12.394,83.974,34.374,227.144,23.158,0.025,False,28.965,,False,-5805.000,1.868
HEROMOTOCO,2018-03,11.467,83.566,31.089,222.328,21.394,0.019,False,48.121,,False,-7441.000,1.866
HEROMOTOCO,2019-03,10.203,85.208,26.418,215.500,18.731,0.024,False,39.084,,False,-5802.000,1.836
HEROMOTOCO,2020-03,12.508,86.087,25.399,169.487,18.598,0.031,False,17.572,,False,-7906.000,1.487
HEROMOTOCO,2021-03,9.484,86.896,19.045,168.138,12.712,0.038,False,48.671,,False,-9998.000,1.340
HEROMOTOCO,2022-03,7.881,88.982,14.697,159.829,10.361,0.038,False,48.268,,False,-9923.000,1.315
HEROMOTOCO,2023-03,8.197,88.003,16.811,174.524,11.707,0.034,False,53.037,,False,-10323.000,1.428
HEROMOTOCO,2024-03,9.902,86.147,21.142,177.842,14.308,0.034,False,47.269,,False,-12145.000,1.445
HINDALCO,2013-03,3.750,90.399,8.511,78.558,2.494,1.612,False,65.260,,False,44350.000,0.665
HINDALCO,2014-03,2.503,90.850,5.406,75.618,1.591,1.595,False,117.696,,False,51795.000,0.636
HINDALCO,2015-03,0.248,91.519,0.676,89.363,0.183,1.786,False,-114.718,,True,56122.000,0.736
HINDALCO,2016-03,-0.711,92.124,-1.729,84.116,-0.497,1.663,False,60.659,,False,55089.000,0.700
HINDALCO,2017-03,1.879,87.706,4.086,79.969,1.288,1.386,False,73.355,,False,48660.000,0.686
HINDALCO,2018-03,5.281,88.110,11.090,94.914,4.138,0.949,False,35.255,,False,41293.000,0.783
HINDALCO,2019-03,4.209,88.118,9.556,104.654,3.616,0.912,False,102.079,,False,43403.000,0.859
HINDALCO,2020-03,3.188,87.891,6.460,81.945,2.234,1.173,False,114.625,,False,58988.000,0.701
HINDALCO,2021-03,2.638,86.699,5.235,85.576,1.845,1.010,False,-115.970,,True,50073.000,0.699
HINDALCO,2022-03,7.039,85.467,17.560,116.846,6.189,0.825,False,133.062,,False,50367.000,0.879
HINDALCO,2023-03,4.524,89.845,10.650,129.297,4.518,0.636,False,153.440,,False,46175.000,0.999
HINDALCO,2024-03,4.702,88.946,9.567,118.208,4.401,0.531,False,126.465,,False,40912.000,0.936
HINDUNILVR,2013-03,14.216,84.373,133.997,788.374,31.748,0.009,False,20.303,,False,-2227.000,2.233
HINDUNILVR,2014-03,13.532,83.721,111.846,683.087,28.763,0.013,False,30.923,,False,-2792.000,2.125
HINDUNILVR,2015-03,13.687,83.073,108.667,652.580,30.326,0.011,False,21.313,,False,-2982.000,2.216
HINDUNILVR,2016-03,12.897,81.638,63.152,389.274,28.061,0.027,False,54.103,,False,-2415.000,2.176
HINDUNILVR,2017-03,13.540,80.918,66.578,382.196,28.588,0.041,False,44.312,,False,-3517.000,2.111
HINDUNILVR,2018-03,14.705,78.903,71.790,385.194,29.263,0.000,False,79.510,,False,-2873.000,1.990
HINDUNILVR,2019-03,15.416,77.410,77.031,381.998,32.530,0.013,False,94.575,,False,-2617.000,2.110
HINDUNILVR,2020-03,16.982,75.213,82.100,363.616,33.524,0.000,False,70.630,,False,-1255.000,1.974
HINDUNILVR,2021-03,17.009,75.279,16.779,74.259,11.637,0.000,False,208.394,,False,-2709.000,0.684
HINDUNILVR,2022-03,16.955,75.485,18.124,79.014,12.612,0.021,False,180.886,,False,-2478.000,0.744
HINDUNILVR,2023-03,16.743,76.647,20.163,90.121,13.880,0.024,False,103.696,,False,-1663.000,0.829
HINDUNILVR,2024-03,16.612,76.317,20.075,89.630,13.100,0.029,False,57.847,,False,-3141.000,0.789
ICICIBANK,2013-03,22.569,70.589,14.732,5.694,1.501,7.092,False,1.079,,True,231992.000,0.067
ICICIBANK,2014-03,23.600,66.396,15.278,5.303,1.562,7.105,False,1.091,,True,275446.000,0.066
ICICIBANK,2015-03,23.546,70.530,15.279,5.685,1.567,7.050,False,1.099,,True,322896.000,0.067
ICICIBANK,2016-03,18.429,88.124,11.611,6.825,1.189,7.135,False,1.240,,True,385411.000,0.065
ICICIBANK,2017-03,18.608,104.760,10.838,7.926,1.150,6.698,False,1.216,,True,396501.000,0.062
ICICIBANK,2018-03,14.639,117.123,8.226,7.864,0.809,7.369,False,1.280,,True,442990.000,0.055
ICICIBANK,2019-03,7.903,116.383,4.979,8.328,0.459,7.804,False,1.411,,True,493440.000,0.058
ICICIBANK,2020-03,13.231,100.619,9.129,7.504,0.815,8.252,False,1.313,,True,571163.000,0.062
ICICIBANK,2021-03,22.839,102.407,12.922,7.239,1.294,7.005,False,1.264,,True,567261.000,0.057
ICICIBANK,2022-03,27.816,84.688,14.577,5.630,1.514,6.882,False,1.300,,True,685870.000,0.054
ICICIBANK,2023-03,29.290,72.575,16.532,5.443,1.811,6.526,False,1.349,,True,760342.000,0.062
ICICIBANK,2024-03,28.888,62.414,17.990,5.220,1.949,6.446,False,1.301,,True,823845.000,0.067
ICICIGI,2013-03,8.799,104.462,18.877,224.118,2.793,0.000,False,7.145,,False,-7800.000,0.317
ICICIGI,2014-03,11.949,105.193,21.721,191.228,3.527,0.000,False,5.597,,False,-9290.000,0.295
ICICIGI,2015-03,13.817,105.243,20.270,154.401,3.994,0.000,False,4.487,,False,-10200.000,0.289
ICICIGI,2016-03,8.404,87.336,15.663,162.774,3.234,0.000,False,,Debt Free,False,-11426.000,0.385
ICICIGI,2017-03,9.335,87.779,17.995,150.502,3.006,0.124,False,-3306.500,,True,-14321.000,0.322
ICICIGI,2018-03,12.471,103.791,18.983,142.738,2.897,0.107,False,4.570,,False,-17708.000,0.232
ICICIGI,2019-03,9.397,85.049,19.426,161.325,3.140,0.090,False,-4754.500,,True,-20229.000,0.334
ICICIGI,2020-03,10.367,84.614,19.465,147.228,3.223,0.079,False,650.667,,False,-25842.000,0.311
ICICIGI,2021-03,12.112,82.970,19.384,124.814,3.748,0.064,False,842.250,,False,-30303.000,0.309
ICICIGI,2022-03,7.931,93.660,13.826,158.870,2.500,0.028,False,18.561,,False,-38157.000,0.315
ICICIGI,2023-03,9.672,92.929,16.555,158.527,3.139,0.003,False,16.770,,False,-42801.000,0.325
ICICIGI,2024-03,9.367,87.421,15.723,146.324,3.031,0.003,False,160.027,,False,-48549.000,0.324
ICICIPRULI,2013-03,7.566,96.280,38.248,486.746,2.014,0.000,False,21.427,,False,-73716.000,0.266
ICICIPRULI,2014-03,7.132,93.129,35.615,465.070,1.916,0.000,False,158.070,,False,-80101.000,0.269
ICICIPRULI,2015-03,4.760,95.196,31.149,622.944,1.620,0.000,False,762.860,,False,-99491.000,0.340
ICICIPRULI,2016-03,7.914,91.170,30.998,299.244,1.575,0.193,False,,Debt Free,False,-101995.000,0.199
ICICIPRULI,2017-03,4.448,95.224,26.257,562.129,1.348,0.000,False,277.038,,False,-121581.000,0.303
ICICIPRULI,2018-03,4.169,95.442,24.627,563.766,1.142,0.000,False,280.811,,False,-138537.000,0.274
ICICIPRULI,2019-03,2.747,98.695,16.577,595.576,0.698,0.000,False,50.336,,False,-159003.000,0.254
ICICIPRULI,2020-03,5.075,101.517,14.793,295.910,0.684,0.000,False,13.525,,False,-150776.000,0.135
ICICIPRULI,2021-03,1.149,100.469,10.495,810.670,0.440,0.132,False,50.073,,False,-210527.000,0.383
ICICIPRULI,2022-03,1.194,103.404,8.288,634.563,0.311,0.131,False,20.597,,False,-236901.000,0.260
ICICIPRULI,2023-03,1.611,103.481,8.057,462.666,0.318,0.119,False,17.857,,False,-247016.000,0.197
ICICIPRULI,2024-03,0.942,102.025,7.733,754.904,0.285,0.109,False,31.022,,False,-288528.000,0.302
INDUSINDBK,2013-03,15.194,27.882,13.906,2.734,1.447,8.332,False,1.431,,True,43922.000,0.095
INDUSINDBK,2014-03,17.058,30.955,15.570,3.031,1.618,8.323,False,1.353,,True,53701.000,0.095
INDUSINDBK,2015-03,18.510,32.326,16.855,2.973,1.605,8.902,False,1.231,,True,71874.000,0.087
INDUSINDBK,2016-03,19.255,35.276,12.918,3.086,1.600,6.668,False,1.271,,True,83942.000,0.083
INDUSINDBK,2017-03,19.908,39.456,13.891,3.350,1.605,7.218,False,1.363,,True,112324.000,0.081
INDUSINDBK,2018-03,20.867,37.932,15.125,3.066,1.627,7.966,False,1.381,,True,139851.000,0.078
INDUSINDBK,2019-03,14.829,41.701,12.370,3.453,1.188,9.076,False,1.644,,False,182923.000,0.080
INDUSINDBK,2020-03,15.349,43.814,12.729,4.239,1.439,7.572,False,1.814,,False,202813.000,0.094
INDUSINDBK,2021-03,9.779,55.162,6.540,4.559,0.781,7.092,False,2.438,,False,237833.000,0.080
INDUSINDBK,2022-03,14.960,51.392,9.667,4.075,1.147,7.149,False,2.159,,False,270034.000,0.077
INDUSINDBK,2023-03,20.320,42.689,13.529,3.528,1.614,7.057,False,1.902,,False,302333.000,0.079
INDUSINDBK,2024-03,19.564,38.555,14.252,3.562,1.738,6.886,False,1.880,,False,325877.000,0.089
INFY,2013-03,23.367,28.593,24.817,30.368,20.376,0.000,False,2780.600,,False,-2116.000,0.872
INFY,2014-03,21.255,26.709,23.930,30.070,18.706,0.000,False,1783.778,,False,-4331.000,0.880
INFY,2015-03,23.204,27.913,24.385,29.334,18.664,0.000,False,1526.083,,False,-2270.000,0.804
INFY,2016-03,21.603,27.352,21.847,27.661,17.962,0.000,False,,Debt Free,False,-1892.000,0.831
INFY,2017-03,20.958,27.165,20.807,26.969,17.262,0.000,False,,Debt Free,False,-16423.000,0.824
INFY,2018-03,22.729,26.690,24.689,28.991,20.201,0.000,False,,Debt Free,False,-12163.000,0.889
INFY,2019-03,18.639,24.397,23.727,31.056,18.331,0.000,False,,Debt Free,False,-11261.000,0.983
INFY,2020-03,18.327,24.526,25.422,31.772,18.125,0.071,False,147.471,,False,-4159.000,0.989
INFY,2021-03,19.332,27.758,25.439,34.146,18.066,0.070,False,154.308,,False,-8880.000,0.935
INFY,2022-03,18.206,25.888,29.391,38.962,18.972,0.073,False,168.930,,False,-14850.000,1.042
INFY,2023-03,16.426,23.936,31.971,41.968,19.349,0.110,False,133.208,,False,-11179.000,1.178
INFY,2024-03,17.081,23.703,29.788,37.756,19.297,0.095,False,87.523,,False,-16264.000,1.130
IOC,2013-03,0.785,3.002,5.754,9.077,1.500,1.423,False,2.423,,False,72320.000,1.909
IOC,2014-03,1.427,3.527,10.259,10.577,2.620,1.398,False,3.747,,False,79021.000,1.836
IOC,2015-03,1.084,2.353,7.078,7.908,2.083,0.943,False,3.912,,False,48824.000,1.922
IOC,2016-03,3.587,6.369,13.795,14.837,5.357,0.651,False,7.817,,False,27367.000,1.493
IOC,2017-03,5.736,9.609,19.967,20.650,7.447,0.620,False,10.287,,False,19584.000,1.298
IOC,2018-03,5.368,9.883,19.869,23.205,7.648,0.577,False,11.868,,False,20844.000,1.425
IOC,2019-03,3.271,6.676,15.359,16.853,5.151,0.860,False,7.992,,False,52653.000,1.575
IOC,2020-03,-0.388,3.318,-1.966,7.129,-0.569,1.361,False,1.535,,False,94219.000,1.466
IOC,2021-03,5.979,10.971,19.459,17.475,6.128,1.043,False,15.215,,False,71932.000,1.025
IOC,2022-03,4.366,8.104,19.266,17.984,6.261,0.989,False,9.551,,False,79668.000,1.434
IOC,2023-03,1.390,3.645,8.377,10.628,2.648,1.066,False,4.719,,False,96787.000,1.904
IOC,2024-03,5.559,9.744,23.532,23.935,8.942,0.723,False,10.282,,False,67086.000,1.608
IRCTC,2015-03,12.370,14.353,29.505,34.234,11.274,0.000,False,,Debt Free,False,0.000,0.911
IRCTC,2016-03,13.826,13.899,34.871,35.055,13.152,0.000,False,,Debt Free,False,0.000,0.951
IRCTC,2017-03,15.066,20.658,29.098,39.898,12.541,0.000,False,127.000,,False,0.000,0.832
IRCTC,2018-03,15.075,18.690,23.141,28.691,9.530,0.000,False,124.333,,False,0.000,0.632
IRCTC,2019-03,16.524,20.481,28.852,35.761,11.912,0.000,False,254.500,,False,0.000,0.721
IRCTC,2020-03,22.659,31.051,39.041,53.501,15.828,0.000,False,78.000,,False,0.000,0.699
IRCTC,2021-03,24.067,24.196,12.843,12.248,5.931,0.054,False,39.000,,False,79.000,0.246
IRCTC,2022-03,35.125,46.514,35.294,44.253,16.993,0.056,False,86.000,,False,105.000,0.484
IRCTC,2023-03,28.410,36.035,40.597,49.805,19.768,0.034,False,89.000,,False,84.000,0.696
IRCTC,2024-03,26.019,34.333,34.396,44.559,18.240,0.019,False,82.737,,False,60.000,0.701
IRFC,2013-03,9.405,99.604,8.164,8.485,0.738,9.189,False,1.357,,True,58740.000,0.078
IRFC,2014-03,11.312,99.693,9.270,7.974,0.835,9.246,False,1.341,,True,69906.000,0.074
IRFC,2015-03,10.924,99.510,8.731,8.636,0.865,8.209,False,1.383,,True,71261.000,0.079
IRFC,2016-03,11.309,99.480,7.367,7.541,0.783,7.592,False,1.353,,True,87495.000,0.069
IRFC,2017-03,10.324,99.713,7.778,7.619,0.720,8.860,False,1.310,,True,106387.000,0.070
IRFC,2018-03,22.175,99.590,14.754,6.239,1.273,9.621,False,1.390,,True,133992.000,0.057
IRFC,2019-03,20.253,99.560,9.010,5.571,1.091,6.950,False,1.355,,True,173920.000,0.054
IRFC,2020-03,23.784,99.508,10.535,5.046,1.159,7.735,False,1.314,,True,234365.000,0.049
IRFC,2021-03,28.001,99.277,12.296,4.361,1.161,8.998,False,1.393,,True,323133.000,0.041
IRFC,2022-03,30.001,99.399,14.855,4.698,1.353,9.475,False,1.434,,True,388430.000,0.045
IRFC,2023-03,25.997,99.435,13.802,5.088,1.258,9.376,False,1.354,,True,418921.000,0.048
IRFC,2024-03,24.065,99.505,13.038,5.748,1.322,8.378,False,1.319,,True,411985.000,0.055
ITC,2013-03,24.366,35.489,33.267,48.242,21.806,0.004,False,111.787,,False,-5879.000,0.895
ITC,2014-03,25.494,37.048,33.047,47.600,22.035,0.009,False,484.345,,False,-7042.000,0.864
ITC,2015-03,25.193,36.716,30.814,44.531,21.281,0.008,False,170.121,,False,-6674.000,0.845
ITC,2016-03,24.242,37.076,22.261,33.980,18.395,0.002,False,205.308,,False,-11664.000,0.759
ITC,2017-03,24.497,36.172,22.573,33.298,18.743,0.001,False,351.612,,False,-17535.000,0.765
ITC,2018-03,26.452,38.024,21.887,31.441,17.890,0.001,False,163.139,,False,-22017.000,0.676
ITC,2019-03,26.554,38.347,21.704,31.337,17.893,0.000,False,290.380,,False,-25030.000,0.674
ITC,2020-03,31.572,39.167,23.889,29.510,20.169,0.004,False,268.654,,False,-28386.000,0.639
ITC,2021-03,27.170,34.645,22.177,28.152,18.144,0.004,False,338.655,,False,-24600.000,0.668
ITC,2022-03,25.564,34.006,24.823,32.889,20.083,0.004,False,375.550,,False,-24592.000,0.786
ITC,2023-03,27.464,36.244,28.164,37.005,22.692,0.004,False,356.436,,False,-29109.000,0.826
ITC,2024-03,29.282,37.018,27.851,35.066,22.616,0.004,False,362.962,,False,-30811.000,0.772
JINDALSTEL,2013-03,14.904,30.827,13.890,13.312,5.172,1.158,False,6.035,,False,23809.000,0.347
JINDALSTEL,2014-03,9.831,30.068,8.386,9.832,2.751,1.608,False,3.402,,False,36026.000,0.280
JINDALSTEL,2015-03,-7.484,28.163,-6.900,8.211,-1.922,2.162,False,1.414,,True,43716.000,0.257
JINDALSTEL,2016-03,-15.856,17.654,-9.517,4.338,-3.341,1.443,False,1.032,,True,46405.000,0.211
JINDALSTEL,2017-03,-11.748,21.798,-8.446,6.204,-2.802,1.526,False,1.263,,True,45482.000,0.239
JINDALSTEL,2018-03,-4.855,19.435,-5.318,8.820,-1.811,1.414,False,1.522,,False,42816.000,0.373
JINDALSTEL,2019-03,-5.136,17.911,-7.518,11.741,-2.710,1.233,False,1.628,,False,39409.000,0.528
JINDALSTEL,2020-03,-1.055,18.013,-1.245,9.906,-0.446,1.146,False,1.833,,False,36643.000,0.423
JINDALSTEL,2021-03,12.340,31.617,13.412,17.712,5.482,0.940,False,4.085,,False,28754.000,0.444
JINDALSTEL,2022-03,13.224,30.323,18.992,31.581,8.828,0.379,False,7.243,,False,13032.000,0.668
JINDALSTEL,2023-03,7.468,18.684,10.267,19.211,5.724,0.337,False,6.503,,False,12139.000,0.766
JINDALSTEL,2024-03,11.802,20.261,13.411,16.783,7.554,0.372,False,8.005,,False,15653.000,0.640
JIOFIN,2023-03,68.889,86.667,0.027,0.034,0.027,0.007,False,,Debt Free,False,-107398.000,0.000
JIOFIN,2024-03,86.523,84.043,1.153,1.120,1.108,0.000,False,198.800,,False,-133292.000,0.013
JSWENERGY,2013-03,10.158,31.578,14.523,16.893,4.421,1.673,False,2.918,,False,9422.000,0.435
JSWENERGY,2014-03,8.788,37.639,11.566,19.518,3.949,1.538,False,2.551,,False,9218.000,0.449
JSWENERGY,2015-03,14.529,38.772,18.063,21.556,6.993,1.236,False,3.360,,False,7675.000,0.481
JSWENERGY,2016-03,14.862,41.012,15.045,16.401,5.116,1.532,False,2.917,,False,13850.000,0.344
JSWENERGY,2017-03,7.540,40.228,6.008,13.448,2.195,1.384,False,2.104,,False,12770.000,0.291
JSWENERGY,2018-03,1.056,33.706,0.765,11.799,0.318,1.070,False,1.896,,False,9468.000,0.301
JSWENERGY,2019-03,7.485,31.243,5.786,12.759,2.638,0.893,False,2.729,,False,8104.000,0.352
JSWENERGY,2020-03,13.067,35.743,9.282,13.762,4.336,0.845,False,3.171,,False,7986.000,0.332
JSWENERGY,2021-03,11.890,42.083,5.673,12.733,3.140,0.577,False,3.528,,False,4319.000,0.264
JSWENERGY,2022-03,21.342,43.737,10.009,13.552,5.712,0.514,False,5.337,,False,2320.000,0.268
JSWENERGY,2023-03,14.324,31.765,7.945,7.514,3.057,1.345,False,4.687,,False,19018.000,0.213
JSWENERGY,2024-03,15.018,46.857,8.281,10.270,2.986,1.516,False,2.851,,False,24538.000,0.199
JSWSTEEL,2013-03,2.431,17.043,5.444,16.831,1.615,1.267,False,3.155,,False,19875.000,0.664
JSWSTEEL,2014-03,0.785,17.901,1.899,16.171,0.518,1.678,False,2.473,,False,34864.000,0.660
JSWSTEEL,2015-03,3.251,17.677,7.725,15.340,2.010,1.739,False,2.710,,False,38155.000,0.618
JSWSTEEL,2016-03,-1.158,15.458,-2.536,10.499,-0.587,2.225,False,1.237,,True,41009.000,0.507
JSWSTEEL,2017-03,6.235,22.135,15.309,18.654,3.940,1.913,False,3.271,,False,41968.000,0.632
JSWSTEEL,2018-03,8.498,20.736,21.834,22.134,6.647,1.407,False,3.982,,False,37924.000,0.782
JSWSTEEL,2019-03,8.877,22.334,21.624,23.032,6.554,1.362,False,4.883,,False,45502.000,0.738
JSWSTEEL,2020-03,5.345,16.110,10.708,12.051,2.973,1.678,False,2.702,,False,60164.000,0.556
JSWSTEEL,2021-03,9.861,25.273,16.836,18.485,5.308,1.334,False,5.219,,False,53811.000,0.538
JSWSTEEL,2022-03,14.305,26.723,31.113,28.032,10.656,1.073,False,8.195,,False,67297.000,0.745
JSWSTEEL,2023-03,2.494,11.129,6.300,12.603,1.966,1.231,False,2.902,,False,76047.000,0.788
JSWSTEEL,2024-03,5.127,16.089,11.553,16.998,3.937,1.133,False,3.659,,False,80738.000,0.768
KOTAKBANK,2013-03,20.650,60.925,14.659,6.549,1.932,5.604,False,1.288,,True,44654.000,0.094
KOTAKBANK,2014-03,21.083,58.844,13.241,6.716,2.068,4.503,False,1.333,,True,47146.000,0.098
KOTAKBANK,2015-03,23.313,72.963,14.014,7.687,2.091,4.706,False,1.189,,True,58669.000,0.090
KOTAKBANK,2016-03,17.273,56.568,10.562,5.417,1.463,5.385,False,1.511,,False,109405.000,0.085
KOTAKBANK,2017-03,22.483,66.440,13.039,6.086,1.817,5.332,False,1.270,,True,136768.000,0.081
KOTAKBANK,2018-03,24.902,66.870,12.395,5.596,1.853,4.949,False,1.227,,True,158863.000,0.074
KOTAKBANK,2019-03,24.149,66.233,12.468,5.653,1.823,5.049,False,1.223,,True,188276.000,0.075
KOTAKBANK,2020-03,25.671,67.449,12.895,5.743,1.939,4.899,False,1.336,,True,215280.000,0.076
KOTAKBANK,2021-03,30.439,90.835,11.845,7.246,2.086,3.879,False,1.263,,True,170164.000,0.069
KOTAKBANK,2022-03,35.829,90.984,12.506,6.639,2.212,3.784,False,1.230,,True,201218.000,0.062
KOTAKBANK,2023-03,35.408,79.441,13.348,6.311,2.406,3.746,False,1.288,,True,223469.000,0.068
KOTAKBANK,2024-03,32.386,83.667,14.013,7.235,2.373,4.004,False,1.236,,True,273928.000,0.073
LICI,2019-03,0.460,1.036,324.321,2.191,0.077,332.594,False,,Debt Free,False,-2630886.000,0.167
LICI,2020-03,0.431,-1.106,270.459,-2.731,0.077,252.908,False,,Debt Free,False,-2722686.000,0.179
LICI,2021-03,0.430,-0.036,43.202,-3.659,0.078,0.001,False,,Debt Free,False,-3517441.000,0.180
LICI,2022-03,0.570,0.460,36.382,29.332,0.097,0.000,False,,Debt Free,False,-3926211.000,0.170
LICI,2023-03,4.588,4.360,77.860,73.988,0.786,0.000,False,545.545,,False,-4243008.000,0.171
LICI,2024-03,4.837,3.875,49.447,39.614,0.770,0.000,False,371.938,,False,-4976133.000,0.159
LODHA,2011-03,12.149,23.470,35.484,8.044,2.785,7.522,True,2.314,,False,5220.000,0.229
LODHA,2012-03,12.898,24.509,33.837,13.445,4.111,3.782,False,3.339,,False,4078.000,0.319
LODHA,2015-03,12.797,23.525,24.226,9.686,2.850,3.598,False,3.841,,False,11257.000,0.223
LODHA,2016-03,8.522,25.773,17.694,11.938,2.269,3.482,False,2.668,,False,13224.000,0.266
LODHA,2017-03,7.368,20.363,14.481,7.984,1.721,4.013,False,2.986,,False,15003.000,0.234
LODHA,2018-03,8.205,17.381,15.411,6.057,1.973,4.390,False,5.044,,False,21232.000,0.240
LODHA,2019-03,13.807,26.699,42.801,10.783,3.297,6.676,True,5.724,,False,24236.000,0.239
LODHA,2020-03,5.963,15.406,16.301,8.344,1.823,4.047,False,2.751,,False,16870.000,0.306
LODHA,2021-03,0.881,25.381,1.044,6.068,0.122,3.956,False,1.094,,True,16614.000,0.139
LODHA,2022-03,13.084,23.676,9.979,9.246,3.146,0.953,False,3.603,,False,10963.000,0.240
LODHA,2023-03,5.174,21.795,3.870,9.501,1.252,0.715,False,2.131,,False,8814.000,0.242
LODHA,2024-03,15.064,25.834,8.896,10.589,3.293,0.441,False,5.629,,False,5198.000,0.219
LT,2013-03,7.109,15.309,395.146,724.348,227.277,0.175,False,2.998,,False,185.000,31.970
LT,2014-03,5.743,16.561,303.416,818.953,183.233,0.068,False,2.375,,False,-59.000,31.903
LT,2015-03,5.402,17.061,245.114,698.930,166.756,0.108,False,2.354,,False,114.000,30.869
LT,2016-03,4.541,15.314,216.094,710.367,146.382,0.026,False,2.421,,False,12.000,32.235
LT,2017-03,5.933,15.204,206.298,528.626,146.842,0.000,False,2.648,,False,-941.000,24.748
LT,2018-03,6.688,16.804,207.358,521.010,149.972,0.000,False,2.797,,False,-1264.000,22.425
LT,2019-03,7.556,16.910,208.809,467.321,153.316,0.000,False,2.738,,False,-1740.000,20.291
LT,2020-03,7.490,16.880,201.591,388.743,123.585,0.169,False,2.501,,False,-1307.000,16.501
LT,2021-03,9.502,17.253,176.903,289.558,120.689,0.109,False,2.687,,False,-2932.000,12.701
LT,2022-03,6.657,15.534,72.921,167.152,50.647,0.018,False,2.889,,False,-5790.000,7.608
LT,2023-03,6.835,14.817,75.524,149.815,53.367,0.093,False,3.182,,False,-3917.000,7.808
LT,2024-03,7.031,13.507,77.665,135.203,56.444,0.103,False,3.544,,False,-6673.000,8.028
LTIM,2013-03,14.594,22.592,41.972,55.308,24.141,0.175,False,42.476,,False,185.000,1.654
LTIM,2014-03,20.244,23.313,61.863,66.686,37.359,0.068,False,44.000,,False,-59.000,1.845
LTIM,2015-03,15.448,20.189,37.957,44.786,25.823,0.108,False,110.400,,False,114.000,1.672
LTIM,2016-03,14.300,17.585,39.341,47.156,26.650,0.026,False,202.500,,False,12.000,1.864
LTIM,2017-03,14.936,18.920,30.884,39.122,21.983,0.000,False,472.333,,False,-941.000,1.472
LTIM,2018-03,15.220,16.247,28.808,30.751,20.836,0.000,False,100.812,,False,-1264.000,1.369
LTIM,2019-03,16.049,19.934,30.983,38.484,22.749,0.000,False,198.636,,False,-1740.000,1.417
LTIM,2020-03,13.972,18.651,28.127,32.125,17.243,0.169,False,28.410,,False,-1307.000,1.234
LTIM,2021-03,15.667,22.029,26.533,33.634,18.102,0.109,False,37.962,,False,-2932.000,1.155
LTIM,2022-03,15.129,20.104,27.646,36.086,19.201,0.018,False,48.902,,False,-5790.000,1.269
LTIM,2023-03,13.290,18.407,26.579,33.684,18.781,0.093,False,44.433,,False,-3917.000,1.413
LTIM,2024-03,12.909,17.983,22.904,28.915,16.646,0.103,False,31.932,,False,-6673.000,1.289
M&M,2013-03,6.011,13.271,20.685,18.729,5.424,1.438,False,4.335,,False,22271.000,0.902
M&M,2014-03,6.965,13.743,22.114,17.392,5.864,1.509,False,3.704,,False,27085.000,0.842
M&M,2015-03,4.732,12.307,13.076,13.789,3.582,1.466,False,3.039,,False,27884.000,0.757
M&M,2016-03,4.686,13.294,13.415,14.817,3.559,1.569,False,3.409,,False,29950.000,0.760
M&M,2017-03,4.836,12.814,13.604,13.668,3.559,1.638,False,3.513,,False,34100.000,0.736
M&M,2018-03,8.641,14.361,21.640,14.272,5.836,1.520,False,4.412,,False,39880.000,0.675
M&M,2019-03,5.746,14.521,15.049,13.721,3.717,1.772,False,3.562,,False,52580.000,0.647
M&M,2020-03,-0.426,13.475,-0.803,8.322,-0.194,2.054,False,1.834,,False,62882.000,0.455
M&M,2021-03,2.036,15.465,3.636,9.400,0.917,1.939,False,2.071,,False,51847.000,0.450
M&M,2022-03,8.044,16.284,15.392,11.772,4.207,1.647,False,3.565,,False,47545.000,0.523
M&M,2023-03,9.379,16.727,20.179,13.650,5.568,1.637,False,4.159,,False,56975.000,0.594
M&M,2024-03,8.822,17.898,18.538,14.237,5.227,1.641,False,3.765,,False,73439.000,0.593
MARUTI,2013-03,5.575,9.843,12.981,21.173,8.976,0.082,False,26.051,,False,-5852.000,1.610
MARUTI,2014-03,6.407,11.921,13.277,22.596,9.067,0.093,False,32.793,,False,-8523.000,1.415
MARUTI,2015-03,7.498,13.567,15.663,27.586,11.048,0.027,False,35.362,,False,-12632.000,1.473
MARUTI,2016-03,9.545,15.670,17.955,29.254,12.866,0.008,False,127.902,,False,-20445.000,1.348
MARUTI,2017-03,11.032,15.306,20.259,27.746,14.455,0.013,False,144.045,,False,-28667.000,1.310
MARUTI,2018-03,9.875,15.184,18.518,28.393,13.081,0.003,False,41.251,,False,-36002.000,1.325
MARUTI,2019-03,8.889,12.846,16.247,23.398,11.960,0.003,False,180.526,,False,-37344.000,1.345
MARUTI,2020-03,7.505,9.721,11.491,14.830,8.924,0.004,False,80.336,,False,-37304.000,1.189
MARUTI,2021-03,6.237,7.689,8.360,10.201,6.149,0.010,False,82.912,,False,-42404.000,0.986
MARUTI,2022-03,4.393,6.512,7.012,10.316,5.197,0.008,False,59.945,,False,-41609.000,1.183
MARUTI,2023-03,6.979,11.082,11.078,17.300,8.255,0.017,False,61.655,,False,-47936.000,1.183
MARUTI,2024-03,9.508,13.130,15.750,21.720,11.698,0.001,False,117.907,,False,-57177.000,1.230
MOTHERSON,2013-03,1.787,5.850,19.747,20.576,3.548,2.142,False,7.192,,False,4832.000,1.986
MOTHERSON,2014-03,3.607,7.881,37.073,30.735,7.196,1.636,False,9.211,,False,4765.000,1.995
MOTHERSON,2015-03,3.728,8.205,38.869,33.637,7.415,1.544,False,9.610,,False,5066.000,1.989
MOTHERSON,2016-03,4.767,9.534,40.346,33.900,9.021,1.380,False,10.797,,False,5479.000,1.892
MOTHERSON,2017-03,5.126,9.843,26.257,22.399,6.799,1.251,False,12.045,,False,9875.000,1.327
MOTHERSON,2018-03,4.014,9.108,22.865,25.313,6.112,1.050,False,12.781,,False,9582.000,1.523
MOTHERSON,2019-03,3.303,8.419,19.137,23.772,4.907,1.052,False,13.430,,False,10679.000,1.486
MOTHERSON,2020-03,2.131,7.664,11.491,19.076,2.873,1.167,False,8.931,,False,12340.000,1.349
MOTHERSON,2021-03,2.735,7.617,12.491,17.843,3.286,0.950,False,9.645,,False,11084.000,1.201
MOTHERSON,2022-03,1.853,7.392,5.741,13.578,2.121,0.686,False,9.740,,False,7668.000,1.144
MOTHERSON,2023-03,2.120,7.934,7.438,17.247,2.723,0.614,False,8.093,,False,7502.000,1.285
MOTHERSON,2024-03,3.060,9.446,11.547,20.231,3.588,0.762,False,5.225,,False,13401.000,1.172
NAUKRI,2013-03,16.102,25.636,12.500,19.869,9.212,0.002,False,48.333,,False,-260.000,0.572
NAUKRI,2014-03,10.582,17.108,8.929,14.413,5.660,0.001,False,48.333,,False,-537.000,0.535
NAUKRI,2015-03,-1.913,2.869,-0.989,1.483,-0.631,0.001,False,27.500,,False,-1174.000,0.330
NAUKRI,2016-03,15.775,12.166,7.647,5.894,6.130,0.001,False,67.333,,False,-567.000,0.389
NAUKRI,2017-03,-4.842,-1.014,-2.701,-0.565,-2.094,0.001,False,10.250,,False,-550.000,0.433
NAUKRI,2018-03,50.709,22.166,24.499,10.704,19.299,0.000,False,124.000,,False,-1564.000,0.381
NAUKRI,2019-03,51.434,0.782,23.280,0.354,18.564,0.000,False,106.571,,False,-1203.000,0.361
NAUKRI,2020-03,-18.750,-26.677,-11.207,-15.405,-8.503,0.035,False,-4.571,,True,-1056.000,0.454
NAUKRI,2021-03,125.709,6.560,26.279,1.355,22.537,0.012,False,150.727,,False,-2259.000,0.179
NAUKRI,2022-03,810.699,28.068,74.713,2.577,62.891,0.004,False,1296.000,,False,-15550.000,0.078
NAUKRI,2023-03,-2.984,14.834,-0.522,2.577,-0.420,0.008,False,12.889,,False,-12295.000,0.141
NAUKRI,2024-03,23.462,28.036,1.966,2.331,1.649,0.008,False,28.971,,False,-30957.000,0.070
NESTLEIND,2013-12,12.273,21.404,47.171,54.765,17.691,0.502,False,55.270,,False,338.000,1.441
NESTLEIND,2014-12,12.024,20.690,41.769,71.369,20.361,0.007,False,151.857,,False,-792.000,1.693
NESTLEIND,2015-12,6.887,19.021,19.986,54.850,9.251,0.006,False,388.000,,False,-1307.000,1.343
NESTLEIND,2016-12,10.951,20.238,30.500,55.807,14.699,0.010,False,21.868,,False,-1723.000,1.342
NESTLEIND,2017-12,12.238,20.949,35.819,60.695,16.637,0.010,False,24.717,,False,-1944.000,1.360
NESTLEIND,2018-12,14.231,23.185,43.752,70.604,19.869,0.010,False,25.688,,False,-2623.000,1.396
NESTLEIND,2019-12,15.911,23.656,102.607,138.870,27.436,0.099,False,24.597,,False,-1562.000,1.724
NESTLEIND,2020-12,15.596,23.985,103.120,147.830,26.354,0.073,False,20.415,,False,-1317.000,1.690
NESTLEIND,2021-12,14.368,24.164,108.839,161.031,25.723,0.137,False,17.079,,False,-508.000,1.790
NESTLEIND,2022-12,14.150,21.933,97.235,135.751,26.629,0.110,False,24.600,,False,-507.000,1.882
NESTLEIND,2023-12,15.680,23.377,121.960,163.773,33.400,0.110,False,38.546,,False,-507.000,2.130
NESTLEIND,2024-03,16.123,23.830,117.754,157.748,37.375,0.103,False,41.186,,False,-119.000,2.318
NHPC,2013-03,45.024,65.068,9.643,8.282,4.607,0.683,False,9.406,,False,18893.000,0.102
NHPC,2014-03,22.100,58.763,5.781,8.849,2.658,0.737,False,4.348,,False,19546.000,0.120
NHPC,2015-03,34.035,62.450,9.097,10.000,4.554,0.669,False,5.194,,False,19564.000,0.134
NHPC,2016-03,28.310,57.254,7.474,9.273,3.765,0.630,False,5.135,,False,19332.000,0.133
NHPC,2017-03,40.357,56.639,11.994,10.124,5.782,0.663,False,6.292,,False,18207.000,0.143
NHPC,2018-03,35.912,54.778,9.271,8.733,4.425,0.619,False,5.880,,False,17477.000,0.123
NHPC,2019-03,31.571,55.449,9.208,9.989,4.250,0.619,False,7.493,,False,17783.000,0.135
NHPC,2020-03,33.423,54.416,10.659,9.973,4.693,0.740,False,6.564,,False,21828.000,0.140
NHPC,2021-03,37.313,54.695,10.892,9.353,4.922,0.707,False,11.029,,False,21523.000,0.132
NHPC,2022-03,41.273,43.887,10.807,6.577,4.883,0.747,False,8.522,,False,23710.000,0.118
NHPC,2023-03,40.172,58.301,11.528,9.299,4.943,0.799,False,14.583,,False,29041.000,0.123
NHPC,2024-03,41.819,49.907,10.408,6.745,4.317,0.841,False,11.243,,False,32082.000,0.103
NTPC,2013-03,17.598,25.377,15.492,11.967,7.040,0.867,False,9.204,,False,65496.000,0.400
NTPC,2014-03,14.558,25.184,13.058,11.688,5.698,0.933,False,6.901,,False,78155.000,0.391
NTPC,2015-03,12.497,21.702,12.171,9.413,4.548,1.246,False,5.367,,False,100350.000,0.364
NTPC,2016-03,14.689,25.298,11.773,9.722,4.799,1.086,False,5.869,,False,92951.000,0.327
NTPC,2017-03,13.059,26.326,10.951,10.206,4.310,1.163,False,6.179,,False,106159.000,0.330
NTPC,2018-03,11.923,25.527,10.141,9.625,3.718,1.256,False,6.310,,False,121173.000,0.312
NTPC,2019-03,13.994,22.645,12.603,7.985,4.045,1.554,False,4.555,,False,164926.000,0.289
NTPC,2020-03,10.873,28.855,10.015,9.815,3.152,1.708,False,4.860,,False,193677.000,0.290
NTPC,2021-03,13.421,30.524,11.905,10.134,3.761,1.672,False,4.235,,False,199619.000,0.280
NTPC,2022-03,12.784,30.423,12.528,11.663,4.079,1.556,False,4.818,,False,200081.000,0.319
NTPC,2023-03,9.716,27.011,11.645,12.866,3.829,1.516,False,4.382,,False,208978.000,0.394
NTPC,2024-03,11.951,28.827,13.274,12.934,4.451,1.476,False,4.605,,False,221246.000,0.372
ONGC,2013-03,14.813,26.855,15.731,25.114,9.468,0.136,False,101.217,,False,18558.000,0.639
ONGC,2014-03,15.314,28.216,15.489,22.204,8.205,0.285,False,90.224,,False,44367.000,0.536
ONGC,2015-03,11.001,26.293,9.810,18.051,5.240,0.299,False,16.853,,False,49195.000,0.476
ONGC,2016-03,10.563,31.551,6.623,16.084,3.834,0.230,False,10.675,,False,12113.000,0.363
ONGC,2017-03,10.325,18.691,15.006,19.242,6.562,0.412,False,18.248,,False,9283.000,0.636
ONGC,2018-03,8.078,17.629,12.777,18.318,5.676,0.522,False,13.466,,False,39215.000,0.703
ONGC,2019-03,8.049,17.745,15.644,23.044,6.893,0.497,False,14.457,,False,40833.000,0.856
ONGC,2020-03,2.888,13.134,5.585,15.573,2.254,0.631,False,7.089,,False,72718.000,0.780
ONGC,2021-03,7.030,16.282,9.666,13.969,3.943,0.603,False,11.960,,False,72867.000,0.561
ONGC,2022-03,10.034,16.259,18.996,20.937,8.451,0.470,False,15.216,,False,55344.000,0.842
ONGC,2023-03,5.184,11.945,11.679,17.859,5.346,0.507,False,9.570,,False,63382.000,1.031
ONGC,2024-03,9.655,17.389,16.940,20.976,8.045,0.454,False,11.361,,False,50974.000,0.833
PFC,2013-03,25.632,34.579,18.742,3.670,2.621,5.890,False,0.546,,True,139446.000,0.102
PFC,2014-03,25.515,35.535,19.846,4.074,2.811,5.785,False,0.585,,True,159188.000,0.110
PFC,2015-03,24.028,33.732,18.525,3.828,2.623,5.794,False,0.547,,True,187267.000,0.109
PFC,2016-03,22.196,32.885,17.164,3.871,2.501,5.570,False,0.552,,True,198430.000,0.113
PFC,2017-03,8.107,19.125,6.069,2.199,0.862,5.509,False,0.316,,True,199848.000,0.106
PFC,2018-03,18.092,24.169,22.084,2.443,1.684,11.075,False,0.389,,True,435658.000,0.093
PFC,2019-03,23.362,32.867,26.825,3.031,2.010,11.449,False,0.516,,True,534884.000,0.086
PFC,2020-03,15.239,22.531,19.184,2.169,1.365,12.076,False,0.346,,True,592157.000,0.090
PFC,2021-03,21.933,27.731,25.863,2.758,2.026,10.856,False,0.446,,True,656183.000,0.092
PFC,2022-03,24.610,30.602,26.184,3.188,2.373,9.215,False,0.524,,True,656702.000,0.096
PFC,2023-03,27.263,34.114,25.166,3.173,2.363,8.926,False,0.565,,True,745185.000,0.087
PFC,2024-03,28.917,36.689,26.161,3.486,2.547,8.522,False,0.580,,True,850990.000,0.088
PIDILITIND,2013-03,11.528,15.171,25.681,31.669,16.208,0.067,False,41.562,,False,-183.000,1.406
PIDILITIND,2014-03,10.507,15.690,23.053,33.634,15.369,0.024,False,44.375,,False,-214.000,1.463
PIDILITIND,2015-03,10.611,15.917,22.643,33.119,15.505,0.026,False,50.688,,False,-312.000,1.461
PIDILITIND,2016-03,15.053,21.880,30.591,43.157,21.729,0.030,False,96.462,,False,-626.000,1.443
PIDILITIND,2017-03,15.364,22.468,24.863,35.360,18.092,0.028,False,98.357,,False,-1345.000,1.178
PIDILITIND,2018-03,15.893,22.063,27.029,36.253,18.580,0.035,False,93.375,,False,-1121.000,1.169
PIDILITIND,2019-03,13.111,19.370,22.372,32.176,15.718,0.027,False,57.731,,False,-1435.000,1.199
PIDILITIND,2020-03,15.383,21.607,25.180,33.221,17.201,0.065,False,49.206,,False,-898.000,1.118
PIDILITIND,2021-03,15.439,23.118,20.132,28.460,12.775,0.059,False,47.568,,False,-185.000,0.827
PIDILITIND,2022-03,12.166,18.708,18.848,27.214,12.713,0.065,False,45.119,,False,-43.000,1.045
PIDILITIND,2023-03,10.925,16.832,17.873,26.121,12.270,0.054,False,42.521,,False,-490.000,1.123
PIDILITIND,2024-03,14.108,21.869,20.780,30.811,14.467,0.045,False,54.333,,False,-1853.000,1.025
PNB,2013-03,11.655,nan,812.298,nan,65.578,10.833,False,nan,,False,5918.000,5.627
PNB,2014-03,8.172,nan,393.362,nan,31.837,10.822,False,nan,,False,9463.000,3.896
PNB,2015-03,7.237,nan,223.243,nan,18.519,10.438,False,nan,,False,14895.000,2.559
PNB,2016-03,-6.909,nan,-163.560,nan,-11.830,12.122,False,nan,,False,24392.000,1.712
PNB,2017-03,2.578,nan,22.212,nan,2.884,6.364,False,nan,,False,32217.000,1.119
PNB,2018-03,-24.856,nan,-184.366,nan,-19.218,8.186,False,nan,,False,51364.000,0.773
PNB,2019-03,-18.314,nan,-128.447,nan,-11.403,9.665,False,nan,,False,67402.000,0.623
PNB,2020-03,0.883,nan,6.103,nan,0.615,8.523,False,nan,,False,65688.000,0.696
PNB,2021-03,3.289,nan,30.394,nan,3.778,6.698,False,nan,,False,57361.000,1.149
PNB,2022-03,5.126,nan,39.873,nan,5.953,5.404,False,nan,,False,49489.000,1.161
PNB,2023-03,3.868,nan,30.667,nan,5.028,4.896,False,nan,,False,50433.000,1.300
PNB,2024-03,8.396,nan,61.321,nan,12.653,3.684,False,nan,,False,50672.000,1.507
POWERGRID,2013-03,32.971,82.845,16.335,11.332,3.804,2.622,False,4.541,,False,68647.000,0.115
POWERGRID,2014-03,29.238,83.362,13.107,10.904,3.215,2.427,False,4.208,,False,83797.000,0.110
POWERGRID,2015-03,28.769,85.103,13.127,11.083,3.138,2.504,False,3.837,,False,96023.000,0.109
POWERGRID,2016-03,28.854,88.050,13.552,11.923,3.323,2.469,False,3.704,,False,107626.000,0.115
POWERGRID,2017-03,28.996,87.364,14.942,13.296,3.808,2.386,False,3.769,,False,117823.000,0.131
POWERGRID,2018-03,27.389,86.670,15.074,13.963,3.640,2.416,False,4.100,,False,130279.000,0.133
POWERGRID,2019-03,28.620,76.785,16.981,13.102,4.056,2.477,False,3.253,,False,145080.000,0.142
POWERGRID,2020-03,29.300,87.129,17.094,15.442,4.309,2.292,False,3.755,,False,146839.000,0.147
POWERGRID,2021-03,30.363,88.058,17.210,16.375,4.707,2.048,False,4.385,,False,141746.000,0.155
POWERGRID,2022-03,40.421,86.075,22.065,16.984,6.704,1.767,False,5.042,,False,130908.000,0.166
POWERGRID,2023-03,33.814,86.784,18.572,18.702,6.114,1.549,False,4.221,,False,125095.000,0.181
POWERGRID,2024-03,33.970,86.875,17.870,18.905,6.209,1.417,False,4.603,,False,119353.000,0.183
RECLTD,2013-03,28.114,97.330,21.865,10.591,2.936,6.147,False,1.642,,False,107124.000,0.104
RECLTD,2014-03,27.527,96.673,22.790,11.328,3.100,6.065,False,1.660,,False,124483.000,0.113
RECLTD,2015-03,26.012,94.407,21.315,11.017,2.913,6.022,False,1.639,,False,149383.000,0.112
RECLTD,2016-03,23.590,93.036,19.697,11.330,2.750,5.857,False,1.572,,False,166860.000,0.117
RECLTD,2017-03,25.939,92.243,18.749,11.140,3.003,4.985,False,1.669,,False,165235.000,0.116
RECLTD,2018-03,19.644,85.087,13.658,8.136,1.836,6.271,False,1.447,,True,201419.000,0.093
RECLTD,2019-03,22.595,93.297,16.618,8.503,1.924,7.070,False,1.518,,False,241786.000,0.085
RECLTD,2020-03,16.605,86.704,14.046,8.070,1.433,8.088,False,1.371,,True,283903.000,0.086
RECLTD,2021-03,23.562,90.742,19.144,8.639,2.090,7.534,False,1.502,,False,327742.000,0.089
RECLTD,2022-03,25.553,87.682,19.558,8.960,2.443,6.490,False,1.565,,False,330853.000,0.096
RECLTD,2023-03,28.281,95.295,19.214,8.573,2.399,6.552,False,1.587,,False,377620.000,0.085
RECLTD,2024-03,29.768,100.770,20.397,9.299,2.580,6.425,False,1.600,,False,440216.000,0.087
RELIANCE,2013-03,5.275,8.373,11.472,11.461,5.764,0.589,False,11.814,,False,64371.000,1.093
RELIANCE,2014-03,5.201,8.058,11.349,10.353,5.258,0.698,False,11.418,,False,78159.000,1.011
RELIANCE,2015-03,6.315,10.003,10.819,9.683,4.686,0.770,False,13.865,,False,91800.000,0.742
RELIANCE,2016-03,10.955,15.328,12.896,9.802,4.985,0.841,False,14.628,,False,110699.000,0.455
RELIANCE,2017-03,9.815,15.235,11.313,9.624,4.221,0.825,False,14.427,,False,134576.000,0.430
RELIANCE,2018-03,9.232,16.456,12.293,12.059,4.447,0.817,False,9.213,,False,156981.000,0.482
RELIANCE,2019-03,7.009,14.824,10.291,12.125,3.993,0.795,False,5.617,,False,72079.000,0.570
RELIANCE,2020-03,6.684,14.960,8.879,11.099,3.429,0.791,False,4.442,,False,78366.000,0.513
RELIANCE,2021-03,11.524,17.325,7.675,8.251,4.071,0.398,False,4.871,,False,-85866.000,0.353
RELIANCE,2022-03,9.766,15.631,8.704,9.883,4.527,0.409,False,8.789,,False,-75106.000,0.464
RELIANCE,2023-03,8.454,16.239,10.349,12.190,4.614,0.631,False,7.886,,False,216104.000,0.546
RELIANCE,2024-03,8.789,18.075,9.959,12.974,4.502,0.578,False,7.729,,False,233319.000,0.512
SBILIFE,2013-03,4.237,2.872,23.026,15.607,1.173,0.000,False,179.750,,False,-50047.000,0.277
SBILIFE,2014-03,4.218,2.961,21.692,15.226,1.201,0.000,False,171.000,,False,-56275.000,0.285
SBILIFE,2015-03,3.483,3.393,20.094,19.576,1.100,0.000,False,244.250,,False,-69385.000,0.316
SBILIFE,2016-03,4.368,4.761,17.832,19.438,1.012,0.000,False,209.800,,False,-77843.000,0.232
SBILIFE,2017-03,3.126,3.496,17.201,19.236,0.934,0.000,False,241.400,,False,-95830.000,0.299
SBILIFE,2018-03,3.376,3.910,17.616,20.404,0.945,0.000,False,248.000,,False,-114436.000,0.280
SBILIFE,2019-03,2.975,3.305,17.516,19.456,0.904,0.000,False,217.500,,False,-139325.000,0.304
SBILIFE,2020-03,3.247,3.085,16.264,15.452,0.859,0.000,False,,Debt Free,False,-158813.000,0.265
SBILIFE,2021-03,1.777,1.065,14.000,8.385,0.642,0.000,False,,Debt Free,False,-218756.000,0.361
SBILIFE,2022-03,1.815,0.880,12.958,6.281,0.551,0.000,False,,Debt Free,False,-264437.000,0.304
SBILIFE,2023-03,2.134,0.151,13.220,0.937,0.547,0.000,False,198.400,,False,-303988.000,0.256
SBILIFE,2024-03,1.435,0.186,12.705,1.650,0.476,0.000,False,240.333,,False,-384943.000,0.331
SHREECEM,2013-06,18.531,28.811,26.119,30.417,16.299,0.335,False,9.057,,False,-915.000,0.880
SHREECEM,2014-06,13.771,24.322,16.706,23.515,10.738,0.255,False,11.581,,False,-1044.000,0.780
SHREECEM,2015-06,6.806,21.473,8.074,21.702,5.326,0.174,False,11.950,,False,-745.000,0.783
SHREECEM,2016-03,20.729,25.517,16.696,18.209,12.079,0.129,False,27.368,,False,-2149.000,0.583
SHREECEM,2017-03,15.581,29.241,17.394,27.950,11.992,0.168,False,22.287,,False,-2749.000,0.770
SHREECEM,2018-03,14.075,25.150,15.556,20.106,9.140,0.382,False,21.200,,False,-2031.000,0.649
SHREECEM,2019-03,8.084,22.278,10.495,22.423,6.551,0.290,False,11.556,,False,517.000,0.810
SHREECEM,2020-03,11.999,29.305,11.725,23.114,7.742,0.239,False,13.863,,False,-3212.000,0.645
SHREECEM,2021-03,17.235,30.170,15.178,23.209,10.863,0.145,False,17.996,,False,-6270.000,0.630
SHREECEM,2022-03,8.454,24.717,7.268,18.939,5.343,0.122,False,16.175,,False,-6904.000,0.632
SHREECEM,2023-03,13.270,16.581,12.712,13.857,8.996,0.146,False,13.000,,False,-5958.000,0.678
SHREECEM,2024-03,8.445,22.016,8.371,20.207,6.206,0.080,False,19.826,,False,-5900.000,0.735
SHRIRAMFIN,2013-03,20.873,31.089,19.937,5.351,3.095,4.550,False,0.707,,True,30106.000,0.148
SHRIRAMFIN,2014-03,16.022,23.584,15.958,4.241,2.595,4.539,False,0.473,,True,36195.000,0.162
SHRIRAMFIN,2015-03,11.202,18.427,11.094,3.022,1.654,5.039,False,0.360,,True,43658.000,0.148
SHRIRAMFIN,2016-03,11.430,17.608,11.635,3.042,1.741,4.893,False,0.359,,True,48450.000,0.152
SHRIRAMFIN,2017-03,11.611,18.087,11.172,3.062,1.701,4.684,False,0.378,,True,51562.000,0.146
SHRIRAMFIN,2018-03,18.879,28.181,18.619,3.971,2.618,5.999,False,0.614,,True,79675.000,0.139
SHRIRAMFIN,2019-03,16.581,24.466,16.137,3.659,2.444,5.507,False,0.505,,True,83788.000,0.147
SHRIRAMFIN,2020-03,15.168,21.526,13.846,3.158,2.198,5.222,False,0.431,,True,91799.000,0.145
SHRIRAMFIN,2021-03,14.344,19.527,11.507,2.652,1.924,4.906,False,0.376,,True,103199.000,0.134
SHRIRAMFIN,2022-03,14.131,19.039,10.427,2.601,1.913,4.401,False,0.377,,True,107875.000,0.135
SHRIRAMFIN,2023-03,19.743,28.857,13.835,4.236,2.859,3.774,False,0.679,,True,156772.000,0.145
SHRIRAMFIN,2024-03,20.334,28.919,15.116,4.305,2.980,3.994,False,0.677,,True,186024.000,0.147
SIEMENS,2011-09,7.261,9.795,22.746,30.687,8.545,0.000,False,56.538,,False,0.000,1.177
SIEMENS,2014-09,5.647,1.114,13.783,2.720,5.860,0.000,False,35.613,,False,-8.000,1.038
SIEMENS,2015-09,11.114,9.448,22.943,19.409,11.101,0.005,False,64.700,,False,-89.000,0.999
SIEMENS,2016-09,26.889,9.421,42.834,14.953,24.312,0.004,False,379.727,,False,-85.000,0.904
SIEMENS,2017-09,10.276,9.544,14.785,13.732,8.654,0.000,False,234.250,,False,0.000,0.842
SIEMENS,2018-09,7.042,10.371,10.857,15.990,6.285,0.000,False,200.875,,False,0.000,0.893
SIEMENS,2019-09,8.400,11.388,12.145,16.466,7.156,0.000,False,157.333,,False,0.000,0.852
SIEMENS,2020-09,7.732,10.084,8.102,10.567,4.849,0.000,False,43.933,,False,0.000,0.627
SIEMENS,2021-09,8.251,11.002,10.525,14.028,6.045,0.000,False,73.875,,False,1.000,0.733
SIEMENS,2022-09,9.561,11.526,13.290,15.773,7.673,0.016,False,65.194,,False,181.000,0.803
SIEMENS,2023-09,10.034,12.719,14.992,18.753,9.064,0.013,False,129.696,,False,174.000,0.903
SIEMENS,2024-09,12.221,13.957,17.699,19.852,10.744,0.018,False,67.150,,False,278.000,0.879
SUNPHARMA,2013-03,31.165,42.979,23.142,31.370,17.024,0.017,False,109.163,,False,-2152.000,0.546
SUNPHARMA,2014-03,24.123,43.551,20.939,33.212,13.332,0.138,False,114.432,,False,-225.000,0.553
SUNPHARMA,2015-03,19.991,28.819,21.359,22.793,11.239,0.351,False,14.123,,False,6280.000,0.562
SUNPHARMA,2016-03,19.862,28.694,17.154,19.706,10.208,0.258,False,15.549,,False,6667.000,0.514
SUNPHARMA,2017-03,24.846,31.991,21.414,21.738,12.842,0.268,False,26.780,,False,8640.000,0.517
SUNPHARMA,2018-03,9.596,21.258,6.635,11.563,3.954,0.271,False,10.610,,False,3242.000,0.412
SUNPHARMA,2019-03,11.037,21.940,7.747,12.282,4.967,0.254,False,11.025,,False,2611.000,0.450
SUNPHARMA,2020-03,12.705,21.265,9.217,13.033,6.118,0.184,False,24.307,,False,-1828.000,0.482
SUNPHARMA,2021-03,6.782,25.285,4.890,16.828,3.360,0.083,False,35.610,,False,-5743.000,0.495
SUNPHARMA,2022-03,8.768,26.538,7.059,20.807,4.857,0.027,False,53.173,,False,-11559.000,0.554
SUNPHARMA,2023-03,19.398,26.546,15.203,18.527,10.547,0.123,False,70.401,,False,-7938.000,0.544
SUNPHARMA,2024-03,19.816,26.843,15.094,19.447,11.265,0.051,False,58.332,,False,-11752.000,0.568
TATACONSUM,2013-03,6.054,10.475,9.252,12.421,5.060,0.289,False,9.833,,False,811.000,0.836
TATACONSUM,2014-03,6.591,9.718,8.719,10.320,5.146,0.246,False,10.598,,False,827.000,0.781
TATACONSUM,2015-03,3.415,9.909,4.970,11.618,2.886,0.241,False,8.720,,False,702.000,0.845
TATACONSUM,2016-03,-0.557,5.515,-0.592,4.815,-0.374,0.217,False,3.453,,False,-12.000,0.671
TATACONSUM,2017-03,6.711,11.667,7.263,11.217,4.764,0.126,False,20.442,,False,-664.000,0.710
TATACONSUM,2018-03,8.158,12.311,7.908,10.359,5.315,0.152,False,17.538,,False,-93.000,0.651
TATACONSUM,2019-03,6.302,10.838,6.233,9.277,4.200,0.156,False,11.667,,False,-47.000,0.666
TATACONSUM,2020-03,4.773,13.407,3.330,8.389,2.490,0.115,False,16.362,,False,263.000,0.522
TATACONSUM,2021-03,8.016,13.308,6.399,9.550,4.600,0.112,False,22.397,,False,828.000,0.574
TATACONSUM,2022-03,8.169,13.835,6.703,10.384,4.816,0.093,False,20.770,,False,615.000,0.590
TATACONSUM,2023-03,9.577,13.466,8.110,10.382,5.799,0.098,False,16.800,,False,167.000,0.606
TATACONSUM,2024-03,7.990,15.020,7.567,11.692,4.358,0.217,False,25.322,,False,2606.000,0.545
TATAMOTORS,2013-03,5.284,13.028,26.506,26.924,5.926,1.427,False,6.969,,False,44951.000,1.122
TATAMOTORS,2014-03,6.034,14.969,21.416,27.607,6.432,0.924,False,7.306,,False,49955.000,1.066
TATAMOTORS,2015-03,5.348,14.911,25.013,30.214,5.930,1.308,False,8.219,,False,58273.000,1.109
TATAMOTORS,2016-03,4.277,14.062,14.791,25.888,4.437,0.879,False,7.307,,False,45593.000,1.037
TATAMOTORS,2017-03,2.802,10.971,13.015,21.651,2.772,1.354,False,7.423,,False,58266.000,0.989
TATAMOTORS,2018-03,3.118,10.790,9.527,17.062,2.778,0.932,False,7.986,,False,68137.000,0.891
TATAMOTORS,2019-03,-9.513,8.169,-47.731,14.826,-9.396,1.764,False,-0.351,,True,90404.000,0.988
TATAMOTORS,2020-03,-4.587,6.890,-18.984,9.574,-3.740,1.978,False,2.497,,False,108480.000,0.815
TATAMOTORS,2021-03,-5.362,12.925,-24.246,16.358,-3.922,2.573,False,2.614,,False,117511.000,0.731
TATAMOTORS,2022-03,-4.061,8.878,-25.379,12.942,-3.437,3.286,False,2.915,,False,117069.000,0.846
TATAMOTORS,2023-03,0.778,9.196,5.935,17.731,0.804,2.959,False,3.763,,False,107734.000,1.034
TATAMOTORS,2024-03,7.263,13.595,37.456,30.980,8.608,1.263,False,6.530,,False,84291.000,1.185
TATAPOWER,2013-03,0.371,16.864,0.997,11.142,0.183,3.071,False,2.260,,False,34762.000,0.493
TATAPOWER,2014-03,0.034,19.358,0.097,13.155,0.017,3.239,False,2.077,,False,37154.000,0.500
TATAPOWER,2015-03,1.360,18.757,3.192,11.472,0.608,2.836,False,1.989,,False,37162.000,0.447
TATAPOWER,2016-03,2.665,7.137,6.757,4.170,1.122,3.340,False,1.905,,False,27064.000,0.421
TATAPOWER,2017-03,3.987,19.838,8.325,8.823,1.328,3.694,False,2.012,,False,36942.000,0.333
TATAPOWER,2018-03,9.728,8.551,15.922,3.531,3.188,2.963,False,2.361,,False,36160.000,0.328
TATAPOWER,2019-03,8.721,10.274,14.237,4.595,3.100,2.650,False,2.459,,False,34964.000,0.355
TATAPOWER,2020-03,4.517,23.356,6.726,9.517,1.468,2.654,False,2.022,,False,37401.000,0.325
TATAPOWER,2021-03,4.400,21.163,6.446,10.026,1.459,2.092,False,2.169,,False,33559.000,0.331
TATAPOWER,2022-03,5.036,16.421,9.607,9.548,1.916,2.281,False,2.466,,False,37035.000,0.380
TATAPOWER,2023-03,6.914,14.023,13.235,9.458,2.974,1.838,False,3.035,,False,36253.000,0.430
TATAPOWER,2024-03,6.965,17.470,13.228,12.476,3.078,1.659,False,3.054,,False,37373.000,0.442
TATASTEEL,2013-03,-5.398,2.943,-21.281,3.861,-4.951,2.005,False,1.363,,True,65271.000,0.917
TATASTEEL,2014-03,2.466,10.890,9.042,13.248,2.136,2.014,False,3.897,,False,76536.000,0.866
TATASTEEL,2015-03,-2.824,2.444,-12.565,3.042,-2.476,2.574,False,1.940,,False,77246.000,0.877
TATASTEEL,2016-03,-0.487,-0.613,-1.136,-0.497,-0.281,1.875,False,2.303,,False,71273.000,0.576
TATASTEEL,2017-03,-3.712,11.704,-11.024,10.878,-2.418,2.195,False,1.844,,False,70557.000,0.651
TATASTEEL,2018-03,14.396,17.390,29.149,14.007,8.501,1.514,False,5.927,,False,74248.000,0.590
TATASTEEL,2019-03,5.786,18.595,13.235,17.272,3.919,1.463,False,4.026,,False,95078.000,0.677
TATASTEEL,2020-03,0.840,12.490,1.596,9.196,0.471,1.581,False,1.935,,False,110043.000,0.561
TATASTEEL,2021-03,5.240,19.517,11.032,18.744,3.358,1.192,False,4.034,,False,77819.000,0.641
TATASTEEL,2022-03,17.113,26.025,36.480,33.415,14.782,0.660,False,11.862,,False,62421.000,0.864
TATASTEEL,2023-03,3.318,13.273,7.834,17.183,2.829,0.824,False,5.377,,False,76483.000,0.853
TATASTEEL,2024-03,-2.143,9.708,-5.335,12.421,-1.823,0.946,False,2.163,,False,80824.000,0.851
TCS,2013-03,22.347,28.640,36.517,46.402,27.105,0.009,False,400.375,,False,-1565.000,1.213
TCS,2014-03,23.631,30.746,39.297,50.822,28.928,0.006,False,686.923,,False,-3137.000,1.224
TCS,2015-03,21.194,25.866,39.617,48.011,27.360,0.007,False,271.173,,False,-1304.000,1.291
TCS,2016-03,22.401,28.236,34.244,43.015,27.566,0.003,False,1023.061,,False,-22577.000,1.231
TCS,2017-03,22.343,27.390,30.572,37.352,25.756,0.003,False,1141.625,,False,-41691.000,1.153
TCS,2018-03,21.023,26.413,30.401,38.086,24.618,0.003,False,695.346,,False,-35761.000,1.171
TCS,2019-03,21.549,26.973,35.286,44.137,27.710,0.001,False,221.298,,False,-29268.000,1.286
TCS,2020-03,20.674,26.830,38.570,45.622,27.011,0.097,False,50.542,,False,-18182.000,1.307
TCS,2021-03,19.833,28.351,37.673,49.397,25.049,0.090,False,76.078,,False,-21578.000,1.263
TCS,2022-03,20.051,27.669,43.134,54.722,27.284,0.088,False,72.800,,False,-22667.000,1.361
TCS,2023-03,18.763,26.284,46.783,60.399,29.612,0.085,False,80.498,,False,-29475.000,1.578
TCS,2024-03,19.137,26.691,50.944,65.269,31.689,0.089,False,87.095,,False,-23741.000,1.656
TECHM,2013-03,19.016,20.690,24.088,20.893,14.548,0.254,False,12.437,,False,-2719.000,0.765
TECHM,2014-03,16.286,22.189,33.348,43.709,19.210,0.040,False,55.200,,False,-1109.000,1.180
TECHM,2015-03,11.755,18.536,21.710,32.383,13.397,0.057,False,62.304,,False,-1403.000,1.140
TECHM,2016-03,11.425,16.079,20.746,27.165,13.438,0.075,False,48.588,,False,-206.000,1.176
TECHM,2017-03,9.783,14.358,17.345,23.502,10.941,0.083,False,38.442,,False,-1030.000,1.118
TECHM,2018-03,12.303,15.306,20.092,22.175,12.441,0.127,False,37.821,,False,-2444.000,1.011
TECHM,2019-03,12.345,18.050,21.144,28.145,12.824,0.098,False,51.165,,False,-5346.000,1.039
TECHM,2020-03,10.570,14.926,17.865,21.595,10.443,0.168,False,34.870,,False,-2178.000,0.988
TECHM,2021-03,11.499,17.953,17.507,24.476,10.992,0.117,False,43.586,,False,-7337.000,0.956
TECHM,2022-03,12.610,17.964,20.940,27.183,12.676,0.097,False,56.043,,False,-2266.000,1.005
TECHM,2023-03,9.114,14.567,17.394,25.316,10.599,0.098,False,26.773,,False,-648.000,1.163
TECHM,2024-03,4.610,8.666,8.988,15.428,5.555,0.095,False,13.860,,False,-701.000,1.205
TITAN,2013-03,7.162,10.017,36.802,51.472,12.322,0.000,False,21.824,,False,-3.000,1.720
TITAN,2014-03,6.726,9.582,29.132,31.441,12.027,0.320,False,13.379,,False,804.000,1.788
TITAN,2015-03,6.850,9.679,26.459,36.212,13.906,0.032,False,15.062,,False,97.000,2.030
TITAN,2016-03,5.986,8.327,19.247,25.939,10.643,0.032,False,24.000,,False,83.000,1.778
TITAN,2017-03,5.256,8.778,16.466,19.035,8.290,0.445,False,29.526,,False,1451.000,1.577
TITAN,2018-03,6.836,10.199,21.650,24.244,11.574,0.332,False,32.340,,False,1655.000,1.693
TITAN,2019-03,7.023,10.081,22.883,23.561,11.862,0.394,False,40.981,,False,2285.000,1.689
TITAN,2020-03,7.092,11.700,22.387,24.074,11.023,0.534,False,15.759,,False,3404.000,1.554
TITAN,2021-03,4.500,7.970,12.992,13.133,5.923,0.752,False,9.384,,False,2814.000,1.316
TITAN,2022-03,7.632,11.612,23.627,20.171,10.374,0.782,False,16.151,,False,6981.000,1.359
TITAN,2023-03,8.069,12.032,27.626,23.009,12.117,0.790,False,17.293,,False,6852.000,1.502
TITAN,2024-03,6.844,10.359,37.219,21.235,11.082,1.653,False,9.412,,False,13183.000,1.619
TORNTPHARM,2013-03,13.581,21.761,30.591,32.955,11.591,0.487,False,20.529,,False,633.000,0.853
TORNTPHARM,2014-03,15.916,22.891,34.892,31.466,13.222,0.595,False,16.763,,False,946.000,0.831
TORNTPHARM,2015-03,16.199,22.002,30.149,19.499,9.604,1.100,False,7.463,,False,2442.000,0.593
TORNTPHARM,2016-03,25.916,40.870,49.599,46.750,19.503,0.673,False,15.027,,False,1572.000,0.753
TORNTPHARM,2017-03,16.059,23.676,21.466,20.070,9.728,0.577,False,7.767,,False,1706.000,0.606
TORNTPHARM,2018-03,11.395,22.672,14.666,12.170,4.760,1.398,False,5.351,,False,5970.000,0.418
TORNTPHARM,2019-03,5.682,25.844,9.228,18.424,3.089,1.278,False,3.339,,False,5685.000,0.544
TORNTPHARM,2020-03,12.911,27.333,21.248,20.456,7.316,1.199,False,5.080,,False,5782.000,0.567
TORNTPHARM,2021-03,15.640,30.981,21.446,23.152,8.895,0.835,False,7.187,,False,4693.000,0.569
TORNTPHARM,2022-03,9.133,28.573,13.052,24.254,6.020,0.684,False,8.404,,False,3844.000,0.659
TORNTPHARM,2023-03,12.942,29.543,20.087,24.570,8.522,0.866,False,8.670,,False,5170.000,0.658
TORNTPHARM,2024-03,15.436,31.394,24.154,30.962,11.417,0.587,False,9.927,,False,3849.000,0.740
TRENT,2013-03,-1.266,0.235,-2.193,0.318,-1.222,0.279,False,2.172,,False,26.000,0.965
TRENT,2014-03,-0.814,-0.429,-1.917,-0.756,-0.981,0.335,False,3.115,,False,32.000,1.205
TRENT,2015-03,5.648,3.853,9.072,5.210,5.845,0.188,False,13.455,,False,-473.000,1.035
TRENT,2016-03,3.262,5.338,3.757,4.828,2.550,0.273,False,3.667,,False,-667.000,0.782
TRENT,2017-03,4.691,7.395,5.495,6.911,3.825,0.253,False,4.674,,False,-688.000,0.815
TRENT,2018-03,4.033,9.643,5.455,10.473,3.724,0.245,False,5.341,,False,-632.000,0.923
TRENT,2019-03,3.612,9.163,5.772,11.262,3.712,0.300,False,5.314,,False,-389.000,1.028
TRENT,2020-03,3.041,15.175,4.439,19.680,1.925,0.126,False,2.570,,False,-1215.000,0.633
TRENT,2021-03,-6.980,4.396,-7.825,4.363,-3.162,0.130,False,1.199,,True,-1187.000,0.453
TRENT,2022-03,0.778,13.228,1.481,8.393,0.453,1.999,False,2.298,,False,3441.000,0.582
TRENT,2023-03,4.780,13.516,15.177,15.779,4.875,1.720,False,3.557,,False,3354.000,1.020
TRENT,2024-03,11.935,15.927,36.308,33.860,20.623,0.431,False,8.043,,False,337.000,1.728
TVSMOTOR,2013-03,2.636,5.832,22.024,22.267,5.856,1.188,False,5.515,,False,720.000,2.221
TVSMOTOR,2014-03,2.230,5.868,16.107,26.046,5.149,0.627,False,6.700,,False,289.000,2.308
TVSMOTOR,2015-03,3.198,5.899,24.755,24.755,7.177,0.845,False,11.048,,False,580.000,2.244
TVSMOTOR,2016-03,3.771,7.199,23.584,28.144,8.337,0.600,False,13.029,,False,148.000,2.211
TVSMOTOR,2017-03,4.084,6.989,22.959,24.688,8.306,0.591,False,17.233,,False,156.000,2.034
TVSMOTOR,2018-03,4.070,9.614,24.832,16.354,5.042,2.587,False,4.858,,False,6507.000,1.239
TVSMOTOR,2019-03,3.596,10.729,22.863,17.347,4.342,2.932,False,3.300,,False,8858.000,1.207
TVSMOTOR,2020-03,3.433,12.011,19.708,15.221,3.357,3.531,False,2.662,,False,11220.000,0.978
TVSMOTOR,2021-03,3.131,11.493,15.887,13.945,2.781,3.182,False,2.574,,False,11711.000,0.888
TVSMOTOR,2022-03,3.001,11.312,16.614,13.620,2.716,3.597,False,2.926,,False,15222.000,0.905
TVSMOTOR,2023-03,4.094,12.595,23.778,14.444,3.737,4.065,False,3.043,,False,21409.000,0.913
TVSMOTOR,2024-03,4.545,14.050,26.223,16.773,4.233,3.833,False,2.908,,False,24883.000,0.931
INDIGO,2013-03,8.552,90.710,17886.364,54207.792,3026.923,2.500,False,28.233,,False,11.000,353.962
INDIGO,2014-03,4.264,96.105,10772.727,58065.217,1354.286,3.182,False,27.335,,False,14.000,317.629
INDIGO,2015-03,9.364,86.334,4939.394,39546.053,2137.705,0.152,False,30.471,,False,3.000,228.279
INDIGO,2016-03,12.305,80.397,1534.776,9443.959,1013.265,0.062,False,25.235,,False,-116.000,82.347
INDIGO,2017-03,8.929,88.062,1692.857,10908.000,674.390,0.531,False,20.753,,False,36.000,75.528
INDIGO,2018-03,9.739,86.838,2242.000,12981.169,803.584,0.540,False,21.124,,False,39.000,82.513
INDIGO,2019-03,0.547,100.530,120.930,13201.843,41.823,0.682,False,21.620,,False,68.000,76.399
INDIGO,2020-03,-0.694,88.620,-138.547,12475.197,-58.768,0.419,False,20.704,,False,54.000,84.730
INDIGO,2021-03,-42.149,99.980,-1094.149,2554.625,-760.912,0.016,False,14.129,,False,-41.000,18.053
INDIGO,2022-03,-1.222,97.848,-48.769,3832.779,-34.457,0.018,False,35.000,,False,-161.000,28.186
INDIGO,2023-03,-0.582,88.025,-40.798,6074.271,-29.849,0.015,False,33.500,,False,-120.000,51.267
INDIGO,2024-03,11.853,76.299,892.568,5640.880,668.331,0.019,False,22.613,,False,-171.000,56.386
